{"cameraMode":{"drawMode":0,"name":"Shaded","section":"Shading Mode"},"sceneLighting":true,"audioPlay":false,"sceneViewState":{"showFog":true,"showMaterialUpdate":false,"showSkybox":true,"showFlares":true,"showImageEffects":true,"showParticleSystems":true},"in2DMode":false,"pivot":{"x":4.558281898498535,"y":2.2904558181762697,"z":38.45541763305664},"rotation":{"x":-0.2881810665130615,"y":0.5580887794494629,"z":-0.21505755186080934,"w":-0.7478537559509277},"size":40.875972747802737,"orthographic":false}