{"cameraMode":{"drawMode":0,"name":"Shaded","section":"Shading Mode"},"sceneLighting":false,"audioPlay":false,"sceneViewState":{"showFog":true,"showMaterialUpdate":true,"showSkybox":true,"showFlares":true,"showImageEffects":true,"showParticleSystems":true},"in2DMode":false,"pivot":{"x":-91.23591613769531,"y":-105.32177734375,"z":46.7520751953125},"rotation":{"x":-0.08816226571798325,"y":-0.2088027149438858,"z":0.01902475580573082,"w":-0.9738433957099915},"size":354.8729553222656,"orthographic":false}