{"cameraMode":{"drawMode":0,"name":"Shaded","section":"Shading Mode"},"sceneLighting":false,"audioPlay":false,"sceneViewState":{"showFog":true,"showMaterialUpdate":true,"showSkybox":false,"showFlares":true,"showImageEffects":true,"showParticleSystems":true},"in2DMode":false,"pivot":{"x":62.812744140625,"y":56.681732177734378,"z":200.22833251953126},"rotation":{"x":-0.10573087632656098,"y":-0.6255587339401245,"z":0.08615632355213165,"w":-0.7682181000709534},"size":1408.8936767578125,"orthographic":false}