{"cameraMode":{"drawMode":0,"name":"Shaded","section":"Shading Mode"},"sceneLighting":false,"audioPlay":false,"sceneViewState":{"showFog":true,"showMaterialUpdate":true,"showSkybox":true,"showFlares":true,"showImageEffects":true,"showParticleSystems":true},"in2DMode":false,"pivot":{"x":215.85400390625,"y":-90.8260498046875,"z":362.55096435546877},"rotation":{"x":-0.22513172030448914,"y":-0.18373839557170869,"z":0.04331199824810028,"w":-0.9559007287025452},"size":1923.6434326171875,"orthographic":false}