{"cameraMode":{"drawMode":0,"name":"Shaded","section":"Shading Mode"},"sceneLighting":false,"audioPlay":false,"sceneViewState":{"showFog":true,"showMaterialUpdate":true,"showSkybox":false,"showFlares":true,"showImageEffects":true,"showParticleSystems":true},"in2DMode":false,"pivot":{"x":1.209335446357727,"y":1.5700000524520875,"z":1.8299999237060547},"rotation":{"x":-0.14025738835334779,"y":0.7284220457077026,"z":-0.156612828373909,"w":-0.6521328687667847},"size":2.857883930206299,"orthographic":false}