{"cameraMode":{"drawMode":0,"name":"Shaded","section":"Shading Mode"},"sceneLighting":false,"audioPlay":false,"sceneViewState":{"showFog":true,"showMaterialUpdate":true,"showSkybox":true,"showFlares":true,"showImageEffects":true,"showParticleSystems":true},"in2DMode":false,"pivot":{"x":4.972513198852539,"y":-1.933931827545166,"z":0.7947479486465454},"rotation":{"x":0.19216932356357575,"y":0.6456690430641174,"z":-0.1726684421300888,"w":0.7185938954353333},"size":23.32986831665039,"orthographic":false}