{"cameraMode":{"drawMode":0,"name":"Shaded","section":"Shading Mode"},"sceneLighting":false,"audioPlay":false,"sceneViewState":{"showFog":true,"showMaterialUpdate":true,"showSkybox":true,"showFlares":true,"showImageEffects":true,"showParticleSystems":true},"in2DMode":false,"pivot":{"x":171.5252227783203,"y":535.4620361328125,"z":277.6575927734375},"rotation":{"x":0.26678916811943056,"y":0.6720585823059082,"z":-0.2858699560165405,"w":0.628929078578949},"size":1044.9130859375,"orthographic":false}