{"cameraMode":{"drawMode":0,"name":"Shaded","section":"Shading Mode"},"sceneLighting":false,"audioPlay":false,"sceneViewState":{"showFog":true,"showMaterialUpdate":true,"showSkybox":true,"showFlares":true,"showImageEffects":true,"showParticleSystems":true},"in2DMode":false,"pivot":{"x":827.0742797851563,"y":182.97750854492188,"z":160.09320068359376},"rotation":{"x":-0.08070685714483261,"y":0.9186373949050903,"z":-0.24788306653499604,"w":-0.29712527990341189},"size":178.7088623046875,"orthographic":false}