{"cameraMode":{"drawMode":0,"name":"Shaded","section":"Shading Mode"},"sceneLighting":false,"audioPlay":false,"sceneViewState":{"showFog":true,"showMaterialUpdate":true,"showSkybox":true,"showFlares":true,"showImageEffects":true,"showParticleSystems":true},"in2DMode":false,"pivot":{"x":156.1124725341797,"y":518.31494140625,"z":468.48565673828127},"rotation":{"x":-0.2985505163669586,"y":0.09771130234003067,"z":-0.03069668635725975,"w":-0.9489280581474304},"size":1547.59130859375,"orthographic":false}