{"cameraMode":{"drawMode":0,"name":"Shaded","section":"Shading Mode"},"sceneLighting":false,"audioPlay":false,"sceneViewState":{"showFog":true,"showMaterialUpdate":true,"showSkybox":true,"showFlares":true,"showImageEffects":true,"showParticleSystems":true},"in2DMode":false,"pivot":{"x":-7.156913757324219,"y":-7.286266803741455,"z":5.532512664794922},"rotation":{"x":0.259379506111145,"y":-0.229078009724617,"z":0.06348130106925965,"w":0.9360835552215576},"size":48.35612106323242,"orthographic":false}