{"cameraMode":{"drawMode":0,"name":"Shaded","section":"Shading Mode"},"sceneLighting":false,"audioPlay":false,"sceneViewState":{"showFog":true,"showMaterialUpdate":true,"showSkybox":true,"showFlares":true,"showImageEffects":true,"showParticleSystems":true},"in2DMode":false,"pivot":{"x":-161.67138671875,"y":665.8728637695313,"z":569.5467529296875},"rotation":{"x":0.1808491051197052,"y":0.6546437740325928,"z":-0.16571784019470216,"w":0.7151039242744446},"size":888.3928833007813,"orthographic":false}