{"cameraMode":{"drawMode":0,"name":"Shaded","section":"Shading Mode"},"sceneLighting":false,"audioPlay":false,"sceneViewState":{"showFog":true,"showMaterialUpdate":true,"showSkybox":true,"showFlares":true,"showImageEffects":true,"showParticleSystems":true},"in2DMode":false,"pivot":{"x":15.719400405883789,"y":-0.08767535537481308,"z":-13.681605339050293},"rotation":{"x":-0.18020591139793397,"y":0.4731302559375763,"z":-0.09947091341018677,"w":-0.8566582202911377},"size":6.741660118103027,"orthographic":false}