{"cameraMode":{"drawMode":0,"name":"Shaded","section":"Shading Mode"},"sceneLighting":true,"audioPlay":false,"sceneViewState":{"showFog":true,"showMaterialUpdate":true,"showSkybox":true,"showFlares":true,"showImageEffects":true,"showParticleSystems":true},"in2DMode":false,"pivot":{"x":491.8369445800781,"y":523.5349731445313,"z":-62.4385986328125},"rotation":{"x":-0.15787164866924287,"y":-0.0006371784256771207,"z":-0.00011057493247790262,"w":-0.9878055453300476},"size":781.684326171875,"orthographic":false}