{"cameraMode":{"drawMode":0,"name":"Shaded","section":"Shading Mode"},"sceneLighting":true,"audioPlay":false,"sceneViewState":{"showFog":true,"showMaterialUpdate":true,"showSkybox":true,"showFlares":true,"showImageEffects":true,"showParticleSystems":true},"in2DMode":false,"pivot":{"x":-12.37222957611084,"y":14.986441612243653,"z":39.144134521484378},"rotation":{"x":0.09656526148319245,"y":0.9003305435180664,"z":-0.2543582618236542,"w":0.3403540849685669},"size":6.400772571563721,"orthographic":false}