{"cameraMode":{"drawMode":0,"name":"Shaded","section":"Shading Mode"},"sceneLighting":true,"audioPlay":false,"sceneViewState":{"showFog":true,"showMaterialUpdate":true,"showSkybox":true,"showFlares":true,"showImageEffects":true,"showParticleSystems":true},"in2DMode":false,"pivot":{"x":-0.4170296788215637,"y":6.373903274536133,"z":31.957721710205079},"rotation":{"x":-0.1718127727508545,"y":-0.2948773205280304,"z":0.04909201338887215,"w":-0.939393162727356},"size":94.30859375,"orthographic":false}