{"cameraMode":{"drawMode":0,"name":"Shaded","section":"Shading Mode"},"sceneLighting":true,"audioPlay":false,"sceneViewState":{"showFog":true,"showMaterialUpdate":true,"showSkybox":true,"showFlares":true,"showImageEffects":true,"showParticleSystems":true},"in2DMode":false,"pivot":{"x":11.850682258605957,"y":13.337576866149903,"z":27.527801513671876},"rotation":{"x":0.06129289045929909,"y":0.9392668604850769,"z":-0.23672881722450257,"w":0.24178101122379304},"size":4.121766090393066,"orthographic":false}