{"cameraMode":{"drawMode":0,"name":"Shaded","section":"Shading Mode"},"sceneLighting":true,"audioPlay":false,"sceneViewState":{"showFog":true,"showMaterialUpdate":true,"showSkybox":true,"showFlares":true,"showImageEffects":true,"showParticleSystems":true},"in2DMode":false,"pivot":{"x":1.7818896770477296,"y":5.757728576660156,"z":69.09019470214844},"rotation":{"x":0.451202929019928,"y":-0.002320775529369712,"z":-0.014022729359567166,"w":0.8939588069915772},"size":38.800498962402347,"orthographic":false}