{"cameraMode":{"drawMode":0,"name":"Shaded","section":"Shading Mode"},"sceneLighting":true,"audioPlay":false,"sceneViewState":{"showFog":true,"showMaterialUpdate":true,"showSkybox":true,"showFlares":true,"showImageEffects":true,"showParticleSystems":true},"in2DMode":false,"pivot":{"x":18.920156478881837,"y":-10.183125495910645,"z":10.981961250305176},"rotation":{"x":-0.18556997179985047,"y":-0.4967319369316101,"z":0.10924575477838516,"w":-0.8410893082618713},"size":60.01556396484375,"orthographic":false}