{"cameraMode":{"drawMode":0,"name":"Shaded","section":"Shading Mode"},"sceneLighting":false,"audioPlay":false,"sceneViewState":{"showFog":true,"showMaterialUpdate":true,"showSkybox":false,"showFlares":true,"showImageEffects":true,"showParticleSystems":true},"in2DMode":false,"pivot":{"x":0.0014914274215698243,"y":0.35358890891075137,"z":2.384185791015625e-7},"rotation":{"x":0.46681609749794009,"y":-0.4313008487224579,"z":0.2801435589790344,"w":0.7199082374572754},"size":5.770769119262695,"orthographic":false}