{"cameraMode":{"drawMode":0,"name":"Shaded","section":"Shading Mode"},"sceneLighting":true,"audioPlay":false,"sceneViewState":{"showFog":true,"showMaterialUpdate":true,"showSkybox":true,"showFlares":true,"showImageEffects":true,"showParticleSystems":true},"in2DMode":false,"pivot":{"x":-0.8570809364318848,"y":4.931277275085449,"z":10.265264511108399},"rotation":{"x":-0.31745657324790957,"y":-0.3343917727470398,"z":0.11966124922037125,"w":-0.8797218799591065},"size":9.432696342468262,"orthographic":false}