{"cameraMode":{"drawMode":0,"name":"Shaded","section":"Shading Mode"},"sceneLighting":true,"audioPlay":false,"sceneViewState":{"showFog":true,"showMaterialUpdate":true,"showSkybox":true,"showFlares":true,"showImageEffects":true,"showParticleSystems":true},"in2DMode":false,"pivot":{"x":41.01056671142578,"y":47.073455810546878,"z":175.17520141601563},"rotation":{"x":-0.2161262184381485,"y":-0.6288651823997498,"z":0.1816079169511795,"w":-0.7253091335296631},"size":231.9429931640625,"orthographic":false}