{"cameraMode":{"drawMode":0,"name":"Shaded","section":"Shading Mode"},"sceneLighting":false,"audioPlay":false,"sceneViewState":{"showFog":true,"showMaterialUpdate":true,"showSkybox":false,"showFlares":true,"showImageEffects":true,"showParticleSystems":true},"in2DMode":false,"pivot":{"x":3.426882743835449,"y":14.973703384399414,"z":19.269542694091798},"rotation":{"x":0.1219901591539383,"y":0.8497957587242127,"z":-0.2235892415046692,"w":0.4619864821434021},"size":21.234291076660158,"orthographic":false}