{"cameraMode":{"drawMode":0,"name":"Shaded","section":"Shading Mode"},"sceneLighting":true,"audioPlay":false,"sceneViewState":{"showFog":true,"showMaterialUpdate":true,"showSkybox":true,"showFlares":true,"showImageEffects":true,"showParticleSystems":true},"in2DMode":false,"pivot":{"x":8.586284637451172,"y":-2.3715837001800539,"z":5.057773113250732},"rotation":{"x":0.4081418812274933,"y":0.43295595049858096,"z":-0.22916348278522492,"w":0.7706864476203919},"size":25.27568244934082,"orthographic":false}