{"cameraMode":{"drawMode":0,"name":"Shaded","section":"Shading Mode"},"sceneLighting":false,"audioPlay":false,"sceneViewState":{"showFog":true,"showMaterialUpdate":true,"showSkybox":false,"showFlares":true,"showImageEffects":true,"showParticleSystems":true},"in2DMode":false,"pivot":{"x":0.0,"y":0.01187194511294365,"z":-0.0014309436082839966},"rotation":{"x":-0.4906211793422699,"y":-0.2350071221590042,"z":0.13923165202140809,"w":-0.8278579115867615},"size":1.9303903579711915,"orthographic":false}