{"cameraMode":{"drawMode":0,"name":"Shaded","section":"Shading Mode"},"sceneLighting":false,"audioPlay":false,"sceneViewState":{"showFog":true,"showMaterialUpdate":true,"showSkybox":false,"showFlares":true,"showImageEffects":true,"showParticleSystems":true},"in2DMode":false,"pivot":{"x":236.89244079589845,"y":200.92681884765626,"z":-48.28302001953125},"rotation":{"x":0.02948450669646263,"y":0.015272204764187336,"z":-0.00007921939686639234,"w":0.9996894001960754},"size":637.623046875,"orthographic":false}