{"cameraMode":{"drawMode":0,"name":"Shaded","section":"Shading Mode"},"sceneLighting":false,"audioPlay":false,"sceneViewState":{"showFog":true,"showMaterialUpdate":true,"showSkybox":false,"showFlares":true,"showImageEffects":true,"showParticleSystems":true},"in2DMode":false,"pivot":{"x":2.4932398796081545,"y":0.2243039608001709,"z":-2.5917389392852785},"rotation":{"x":-0.4357536733150482,"y":0.5568048357963562,"z":-0.4342235326766968,"w":-0.5584270358085632},"size":4.09999942779541,"orthographic":false}