{"cameraMode":{"drawMode":0,"name":"Shaded","section":"Shading Mode"},"sceneLighting":false,"audioPlay":false,"sceneViewState":{"showFog":true,"showMaterialUpdate":true,"showSkybox":false,"showFlares":true,"showImageEffects":true,"showParticleSystems":true},"in2DMode":false,"pivot":{"x":-5.2679853439331059,"y":6.0266923904418949,"z":16.07685661315918},"rotation":{"x":0.022600241005420686,"y":0.9722877144813538,"z":-0.2112199068069458,"w":0.10114822536706925},"size":10.947174072265625,"orthographic":false}