{"cameraMode":{"drawMode":0,"name":"Shaded","section":"Shading Mode"},"sceneLighting":true,"audioPlay":false,"sceneViewState":{"showFog":true,"showMaterialUpdate":true,"showSkybox":true,"showFlares":true,"showImageEffects":true,"showParticleSystems":true},"in2DMode":false,"pivot":{"x":0.10491764545440674,"y":5.180103302001953,"z":9.52822208404541},"rotation":{"x":-0.09384572505950928,"y":-0.013703363947570324,"z":0.0015625414671376348,"w":-0.9956753849983215},"size":4.321773529052734,"orthographic":false}