{"cameraMode":{"drawMode":0,"name":"Shaded","section":"Shading Mode"},"sceneLighting":false,"audioPlay":false,"sceneViewState":{"showFog":true,"showMaterialUpdate":true,"showSkybox":false,"showFlares":true,"showImageEffects":true,"showParticleSystems":true},"in2DMode":false,"pivot":{"x":10.534317016601563,"y":10.430000305175782,"z":88.91999816894531},"rotation":{"x":-0.3352298140525818,"y":0.16608038544654847,"z":-0.06037098914384842,"w":-0.925714373588562},"size":6.022660732269287,"orthographic":false}