{"cameraMode":{"drawMode":0,"name":"Shaded","section":"Shading Mode"},"sceneLighting":false,"audioPlay":false,"sceneViewState":{"showFog":true,"showMaterialUpdate":true,"showSkybox":false,"showFlares":true,"showImageEffects":true,"showParticleSystems":true},"in2DMode":false,"pivot":{"x":5.156500816345215,"y":7.940412521362305,"z":19.397850036621095},"rotation":{"x":-0.09422974288463593,"y":0.7317233681678772,"z":-0.10361076891422272,"w":-0.667406439781189},"size":7.731910228729248,"orthographic":false}