{"cameraMode":{"drawMode":0,"name":"Shaded","section":"Shading Mode"},"sceneLighting":false,"audioPlay":false,"sceneViewState":{"showFog":true,"showMaterialUpdate":true,"showSkybox":false,"showFlares":true,"showImageEffects":true,"showParticleSystems":true},"in2DMode":false,"pivot":{"x":-5.590938568115234,"y":-0.5475666522979736,"z":-3.165562152862549},"rotation":{"x":0.30799296498298647,"y":-0.53000807762146,"z":0.22033731639385224,"w":0.7599823474884033},"size":16.106534957885743,"orthographic":false}