{"cameraMode":{"drawMode":0,"name":"Shaded","section":"Shading Mode"},"sceneLighting":false,"audioPlay":false,"sceneViewState":{"showFog":true,"showMaterialUpdate":true,"showSkybox":false,"showFlares":true,"showImageEffects":true,"showParticleSystems":true},"in2DMode":false,"pivot":{"x":2.5000009536743166,"y":0.0,"z":-2.4999990463256838},"rotation":{"x":0.48324811458587649,"y":0.28895503282546999,"z":-0.1675502061843872,"w":0.810115396976471},"size":10.323931694030762,"orthographic":false}