{"cameraMode":{"drawMode":0,"name":"Shaded","section":"Shading Mode"},"sceneLighting":false,"audioPlay":false,"sceneViewState":{"showFog":true,"showMaterialUpdate":true,"showSkybox":false,"showFlares":true,"showImageEffects":true,"showParticleSystems":true},"in2DMode":false,"pivot":{"x":0.4522721767425537,"y":2.0458338260650636,"z":-0.6105208396911621},"rotation":{"x":-0.3116586208343506,"y":0.051440123468637469,"z":-0.023035096004605295,"w":-0.9495118856430054},"size":13.22176456451416,"orthographic":false}