{"cameraMode":{"drawMode":0,"name":"Shaded","section":"Shading Mode"},"sceneLighting":true,"audioPlay":false,"sceneViewState":{"showFog":true,"showMaterialUpdate":true,"showSkybox":true,"showFlares":true,"showImageEffects":true,"showParticleSystems":true},"in2DMode":false,"pivot":{"x":-7.1314849853515629,"y":8.014703750610352,"z":4.259455680847168},"rotation":{"x":0.3251006305217743,"y":0.4097762703895569,"z":-0.1585114300251007,"w":0.8377082943916321},"size":9.465777397155762,"orthographic":false}