{"cameraMode":{"drawMode":0,"name":"Shaded","section":"Shading Mode"},"sceneLighting":true,"audioPlay":false,"sceneViewState":{"showFog":true,"showMaterialUpdate":false,"showSkybox":true,"showFlares":true,"showImageEffects":true,"showParticleSystems":true},"in2DMode":false,"pivot":{"x":112.6964111328125,"y":-146.06829833984376,"z":307.8746337890625},"rotation":{"x":-0.28842324018478396,"y":0.7098106741905212,"z":-0.4237664043903351,"w":-0.4831210672855377},"size":1213.8101806640625,"orthographic":false}