{"cameraMode":{"drawMode":0,"name":"Shaded","section":"Shading Mode"},"sceneLighting":true,"audioPlay":false,"sceneViewState":{"showFog":true,"showMaterialUpdate":true,"showSkybox":true,"showFlares":true,"showImageEffects":true,"showParticleSystems":true},"in2DMode":false,"pivot":{"x":7.873908996582031,"y":1.3696041107177735,"z":7.295503616333008},"rotation":{"x":-0.14984752237796784,"y":-0.8128678202629089,"z":0.23910507559776307,"w":-0.5101101398468018},"size":47.13277816772461,"orthographic":false}