{"cameraMode":{"drawMode":0,"name":"Shaded","section":"Shading Mode"},"sceneLighting":true,"audioPlay":false,"sceneViewState":{"showFog":true,"showMaterialUpdate":true,"showSkybox":true,"showFlares":true,"showImageEffects":true,"showParticleSystems":true},"in2DMode":false,"pivot":{"x":0.06314899027347565,"y":1.4313075542449952,"z":-28.833799362182618},"rotation":{"x":0.3397247791290283,"y":0.48831045627593996,"z":-0.22569701075553895,"w":0.7731640934944153},"size":13.234455108642579,"orthographic":false}