{"cameraMode":{"drawMode":0,"name":"Shaded","section":"Shading Mode"},"sceneLighting":true,"audioPlay":false,"sceneViewState":{"showFog":true,"showMaterialUpdate":true,"showSkybox":true,"showFlares":true,"showImageEffects":true,"showParticleSystems":true},"in2DMode":false,"pivot":{"x":-3.234773635864258,"y":0.553119421005249,"z":45.71134567260742},"rotation":{"x":-0.29085472226142886,"y":-0.03595005348324776,"z":0.006858771666884422,"w":-0.9567749500274658},"size":37.24599075317383,"orthographic":false}