{"cameraMode":{"drawMode":0,"name":"Shaded","section":"Shading Mode"},"sceneLighting":false,"audioPlay":false,"sceneViewState":{"showFog":true,"showMaterialUpdate":true,"showSkybox":false,"showFlares":true,"showImageEffects":true,"showParticleSystems":true},"in2DMode":false,"pivot":{"x":288.0188903808594,"y":226.8953399658203,"z":-50.45759582519531},"rotation":{"x":0.11381847411394119,"y":0.12960143387317658,"z":-0.014627611264586449,"w":0.9851490259170532},"size":217.3207550048828,"orthographic":false}