{"cameraMode":{"drawMode":0,"name":"Shaded","section":"Shading Mode"},"sceneLighting":false,"audioPlay":false,"sceneViewState":{"showFog":true,"showMaterialUpdate":true,"showSkybox":false,"showFlares":true,"showImageEffects":true,"showParticleSystems":true},"in2DMode":false,"pivot":{"x":1.6318299770355225,"y":5.264900207519531,"z":37.797813415527347},"rotation":{"x":-0.14700134098529817,"y":0.49097302556037905,"z":-0.08480725437402725,"w":-0.8548646569252014},"size":3.0571913719177248,"orthographic":false}