{"cameraMode":{"drawMode":0,"name":"Shaded","section":"Shading Mode"},"sceneLighting":true,"audioPlay":false,"sceneViewState":{"showFog":true,"showMaterialUpdate":true,"showSkybox":true,"showFlares":true,"showImageEffects":true,"showParticleSystems":true},"in2DMode":false,"pivot":{"x":-21.79853057861328,"y":0.32944560050964358,"z":69.28804016113281},"rotation":{"x":-0.3079962134361267,"y":0.4774891138076782,"z":-0.1843406856060028,"w":-0.8024879097938538},"size":52.95931625366211,"orthographic":false}