{"cameraMode":{"drawMode":0,"name":"Shaded","section":"Shading Mode"},"sceneLighting":false,"audioPlay":false,"sceneViewState":{"showFog":true,"showMaterialUpdate":true,"showSkybox":false,"showFlares":true,"showImageEffects":true,"showParticleSystems":true},"in2DMode":false,"pivot":{"x":-0.5352609157562256,"y":4.348175525665283,"z":9.567787170410157},"rotation":{"x":0.03687040135264397,"y":-0.9462041258811951,"z":0.11652667820453644,"w":0.30083951354026797},"size":3.8323357105255129,"orthographic":false}