{"cameraMode":{"drawMode":0,"name":"Shaded","section":"Shading Mode"},"sceneLighting":true,"audioPlay":false,"sceneViewState":{"showFog":true,"showMaterialUpdate":true,"showSkybox":true,"showFlares":true,"showImageEffects":true,"showParticleSystems":true},"in2DMode":false,"pivot":{"x":0.903348445892334,"y":-45.8197021484375,"z":87.0283203125},"rotation":{"x":-0.32516583800315859,"y":-0.16532611846923829,"z":0.06206855922937393,"w":-0.9302801489830017},"size":213.806884765625,"orthographic":false}