{"cameraMode":{"drawMode":0,"name":"Shaded","section":"Shading Mode"},"sceneLighting":false,"audioPlay":false,"sceneViewState":{"showFog":true,"showMaterialUpdate":true,"showSkybox":false,"showFlares":true,"showImageEffects":true,"showParticleSystems":true},"in2DMode":false,"pivot":{"x":6.210000038146973,"y":3.9600000381469728,"z":15.670000076293946},"rotation":{"x":-0.1323818862438202,"y":0.8699287176132202,"z":-0.31415092945098879,"w":-0.35947251319885256},"size":25.12897491455078,"orthographic":false}