{"cameraMode":{"drawMode":0,"name":"Shaded","section":"Shading Mode"},"sceneLighting":false,"audioPlay":false,"sceneViewState":{"showFog":true,"showMaterialUpdate":true,"showSkybox":false,"showFlares":true,"showImageEffects":true,"showParticleSystems":true},"in2DMode":false,"pivot":{"x":156.1124725341797,"y":518.31494140625,"z":225.89999389648438},"rotation":{"x":-0.15092642605304719,"y":-0.6103366613388062,"z":0.11974957585334778,"w":-0.7685135006904602},"size":3.3720693588256838,"orthographic":false}