{"cameraMode":{"drawMode":0,"name":"Shaded","section":"Shading Mode"},"sceneLighting":false,"audioPlay":false,"sceneViewState":{"showFog":true,"showMaterialUpdate":true,"showSkybox":false,"showFlares":true,"showImageEffects":true,"showParticleSystems":true},"in2DMode":false,"pivot":{"x":130.22906494140626,"y":308.0899353027344,"z":3.180877685546875},"rotation":{"x":-0.002021404914557934,"y":-0.0012363740243017674,"z":0.0003346978046465665,"w":1.0002394914627076},"size":268.4197082519531,"orthographic":false}