{"cameraMode":{"drawMode":0,"name":"Shaded","section":"Shading Mode"},"sceneLighting":true,"audioPlay":false,"sceneViewState":{"showFog":true,"showMaterialUpdate":true,"showSkybox":true,"showFlares":true,"showImageEffects":true,"showParticleSystems":true},"in2DMode":false,"pivot":{"x":7.615570068359375,"y":8.244100570678711,"z":9.278656959533692},"rotation":{"x":-0.19813793897628785,"y":0.3180788457393646,"z":-0.06792162358760834,"w":-0.9248371720314026},"size":5.5217742919921879,"orthographic":false}