{"cameraMode":{"drawMode":0,"name":"Shaded","section":"Shading Mode"},"sceneLighting":true,"audioPlay":false,"sceneViewState":{"showFog":true,"showMaterialUpdate":true,"showSkybox":true,"showFlares":true,"showImageEffects":true,"showParticleSystems":true},"in2DMode":false,"pivot":{"x":-2.633157253265381,"y":11.527586936950684,"z":37.070960998535159},"rotation":{"x":-0.2532903552055359,"y":-0.028231333941221238,"z":0.004460142459720373,"w":-0.9674693942070007},"size":23.343658447265626,"orthographic":false}