{"cameraMode":{"drawMode":0,"name":"Shaded","section":"Shading Mode"},"sceneLighting":false,"audioPlay":false,"sceneViewState":{"showFog":true,"showMaterialUpdate":true,"showSkybox":false,"showFlares":true,"showImageEffects":true,"showParticleSystems":true},"in2DMode":false,"pivot":{"x":-0.36285293102264407,"y":0.5016107559204102,"z":-0.33100414276123049},"rotation":{"x":0.0418366901576519,"y":0.8910772800445557,"z":-0.4447562098503113,"w":0.08296341449022293},"size":4.980494499206543,"orthographic":false}