{"cameraMode":{"drawMode":0,"name":"Shaded","section":"Shading Mode"},"sceneLighting":false,"audioPlay":false,"sceneViewState":{"showFog":true,"showMaterialUpdate":true,"showSkybox":false,"showFlares":true,"showImageEffects":true,"showParticleSystems":true},"in2DMode":false,"pivot":{"x":2.6673669815063478,"y":0.18545269966125489,"z":-2.787336826324463},"rotation":{"x":0.2642446756362915,"y":0.7196429967880249,"z":-0.357155442237854,"w":0.5338871479034424},"size":5.909214496612549,"orthographic":false}