{"cameraMode":{"drawMode":0,"name":"Shaded","section":"Shading Mode"},"sceneLighting":false,"audioPlay":false,"sceneViewState":{"showFog":true,"showMaterialUpdate":true,"showSkybox":false,"showFlares":true,"showImageEffects":true,"showParticleSystems":true},"in2DMode":false,"pivot":{"x":0.30755290389060976,"y":0.267112135887146,"z":-0.12394347041845322},"rotation":{"x":0.0033440454863011839,"y":-0.6801939606666565,"z":0.733345091342926,"w":0.003836843417957425},"size":5.455087184906006,"orthographic":false}