{"cameraMode":{"drawMode":0,"name":"Shaded","section":"Shading Mode"},"sceneLighting":true,"audioPlay":false,"sceneViewState":{"showFog":true,"showMaterialUpdate":true,"showSkybox":true,"showFlares":true,"showImageEffects":true,"showParticleSystems":true},"in2DMode":false,"pivot":{"x":0.044068217277526858,"y":5.29390287399292,"z":9.720338821411133},"rotation":{"x":0.15484671294689179,"y":0.26933276653289797,"z":-0.04340998828411102,"w":0.9497652649879456},"size":6.3676862716674809,"orthographic":false}