{"cameraMode":{"drawMode":0,"name":"Shaded","section":"Shading Mode"},"sceneLighting":false,"audioPlay":false,"sceneViewState":{"showFog":true,"showMaterialUpdate":true,"showSkybox":false,"showFlares":true,"showImageEffects":true,"showParticleSystems":true},"in2DMode":false,"pivot":{"x":2.6673669815063478,"y":0.18545269966125489,"z":-2.787336826324463},"rotation":{"x":0.059780944138765338,"y":0.9350934028625488,"z":-0.19338952004909516,"w":0.2914328873157501},"size":5.909214496612549,"orthographic":false}