{"cameraMode":{"drawMode":0,"name":"Shaded","section":"Shading Mode"},"sceneLighting":true,"audioPlay":false,"sceneViewState":{"showFog":true,"showMaterialUpdate":true,"showSkybox":true,"showFlares":true,"showImageEffects":true,"showParticleSystems":true},"in2DMode":false,"pivot":{"x":-9.002999305725098,"y":4.2668352127075199,"z":12.560994148254395},"rotation":{"x":-0.25706684589385989,"y":0.22912132740020753,"z":-0.06392163783311844,"w":-0.9371001720428467},"size":20.861812591552736,"orthographic":false}