{"cameraMode":{"drawMode":0,"name":"Shaded","section":"Shading Mode"},"sceneLighting":false,"audioPlay":false,"sceneViewState":{"showFog":true,"showMaterialUpdate":true,"showSkybox":false,"showFlares":true,"showImageEffects":true,"showParticleSystems":true},"in2DMode":false,"pivot":{"x":1.209335446357727,"y":1.5700000524520875,"z":1.8299999237060547},"rotation":{"x":-0.1705591231584549,"y":-0.6144904494285584,"z":0.13850471377372743,"w":-0.7579538822174072},"size":1.4289417266845704,"orthographic":false}