{"cameraMode":{"drawMode":0,"name":"Shaded","section":"Shading Mode"},"sceneLighting":false,"audioPlay":false,"sceneViewState":{"showFog":true,"showMaterialUpdate":true,"showSkybox":false,"showFlares":true,"showImageEffects":true,"showParticleSystems":true},"in2DMode":false,"pivot":{"x":6.210000038146973,"y":3.9600000381469728,"z":15.670000076293946},"rotation":{"x":-0.17972736060619355,"y":0.7989582419395447,"z":-0.2813260555267334,"w":-0.5024268627166748},"size":25.12897491455078,"orthographic":false}