{"cameraMode":{"drawMode":0,"name":"Shaded","section":"Shading Mode"},"sceneLighting":true,"audioPlay":false,"sceneViewState":{"showFog":true,"showMaterialUpdate":true,"showSkybox":true,"showFlares":true,"showImageEffects":true,"showParticleSystems":true},"in2DMode":false,"pivot":{"x":-15.276252746582032,"y":11.054794311523438,"z":-0.785015344619751},"rotation":{"x":0.1324290782213211,"y":0.527147650718689,"z":-0.08316043019294739,"w":0.8355572819709778},"size":7.227075576782227,"orthographic":false}