{"cameraMode":{"drawMode":0,"name":"Shaded","section":"Shading Mode"},"sceneLighting":true,"audioPlay":false,"sceneViewState":{"showFog":true,"showMaterialUpdate":true,"showSkybox":true,"showFlares":true,"showImageEffects":true,"showParticleSystems":true},"in2DMode":false,"pivot":{"x":-0.9736051559448242,"y":3.0364456176757814,"z":16.031536102294923},"rotation":{"x":-0.08581184595823288,"y":-0.21444347500801087,"z":0.019004274159669877,"w":-0.9730773568153381},"size":20.437114715576173,"orthographic":false}