{"cameraMode":{"drawMode":0,"name":"Shaded","section":"Shading Mode"},"sceneLighting":true,"audioPlay":false,"sceneViewState":{"showFog":true,"showMaterialUpdate":true,"showSkybox":false,"showFlares":true,"showImageEffects":true,"showParticleSystems":true},"in2DMode":false,"pivot":{"x":34.25812911987305,"y":5.949999809265137,"z":30.166255950927736},"rotation":{"x":0.16158246994018556,"y":0.3487454652786255,"z":-0.060823798179626468,"w":0.9214296340942383},"size":40.010372161865237,"orthographic":false}