{"cameraMode":{"drawMode":0,"name":"Shaded","section":"Shading Mode"},"sceneLighting":true,"audioPlay":false,"sceneViewState":{"showFog":true,"showMaterialUpdate":true,"showSkybox":true,"showFlares":true,"showImageEffects":true,"showParticleSystems":true},"in2DMode":false,"pivot":{"x":190.8315887451172,"y":131.4873504638672,"z":-48.20672607421875},"rotation":{"x":0.1641269028186798,"y":-0.2156248390674591,"z":0.03697545453906059,"w":0.9622599482536316},"size":331.17401123046877,"orthographic":false}