{"cameraMode":{"drawMode":0,"name":"Shaded","section":"Shading Mode"},"sceneLighting":true,"audioPlay":false,"sceneViewState":{"showFog":true,"showMaterialUpdate":true,"showSkybox":true,"showFlares":true,"showImageEffects":true,"showParticleSystems":true},"in2DMode":false,"pivot":{"x":-20.519601821899415,"y":6.180596351623535,"z":21.395774841308595},"rotation":{"x":-0.011472202837467194,"y":-0.03093629516661167,"z":0.0005794019671157002,"w":-0.9998221397399902},"size":7.739670276641846,"orthographic":false}