{"cameraMode":{"drawMode":0,"name":"Shaded","section":"Shading Mode"},"sceneLighting":true,"audioPlay":false,"sceneViewState":{"showFog":true,"showMaterialUpdate":true,"showSkybox":true,"showFlares":true,"showImageEffects":true,"showParticleSystems":true},"in2DMode":false,"pivot":{"x":-6.436786651611328,"y":22.7573299407959,"z":92.49346160888672},"rotation":{"x":-0.005828100256621838,"y":-0.9621922373771668,"z":-0.024075476452708246,"w":-0.27508142590522768},"size":23.42469596862793,"orthographic":false}