{"cameraMode":{"drawMode":0,"name":"Shaded","section":"Shading Mode"},"sceneLighting":false,"audioPlay":false,"sceneViewState":{"showFog":true,"showMaterialUpdate":true,"showSkybox":false,"showFlares":true,"showImageEffects":true,"showParticleSystems":true},"in2DMode":false,"pivot":{"x":-0.4319913983345032,"y":8.493267059326172,"z":34.14203643798828},"rotation":{"x":0.006205249112099409,"y":0.588985025882721,"z":0.005105100572109222,"w":-0.8083219528198242},"size":2.8578836917877199,"orthographic":false}