{"cameraMode":{"drawMode":0,"name":"Shaded","section":"Shading Mode"},"sceneLighting":true,"audioPlay":false,"sceneViewState":{"showFog":true,"showMaterialUpdate":true,"showSkybox":true,"showFlares":true,"showImageEffects":true,"showParticleSystems":true},"in2DMode":false,"pivot":{"x":-3.3935117721557619,"y":6.202585220336914,"z":-7.321496486663818},"rotation":{"x":-0.3042612075805664,"y":-0.15550458431243897,"z":0.048115432262420657,"w":-0.9390661120414734},"size":2.8578836917877199,"orthographic":false}