{"cameraMode":{"drawMode":0,"name":"Shaded","section":"Shading Mode"},"sceneLighting":true,"audioPlay":false,"sceneViewState":{"showFog":true,"showMaterialUpdate":true,"showSkybox":true,"showFlares":true,"showImageEffects":true,"showParticleSystems":true},"in2DMode":false,"pivot":{"x":10.455070495605469,"y":7.939098358154297,"z":8.216157913208008},"rotation":{"x":-0.12145058810710907,"y":0.8618124723434448,"z":-0.24343666434288026,"w":-0.42845529317855837},"size":8.594035148620606,"orthographic":false}