{"cameraMode":{"drawMode":0,"name":"Shaded","section":"Shading Mode"},"sceneLighting":true,"audioPlay":false,"sceneViewState":{"showFog":true,"showMaterialUpdate":true,"showSkybox":true,"showFlares":true,"showImageEffects":true,"showParticleSystems":true},"in2DMode":false,"pivot":{"x":3.36806058883667,"y":0.3501453399658203,"z":11.002938270568848},"rotation":{"x":-0.3736281394958496,"y":-0.12776640057563783,"z":0.05095371976494789,"w":-0.9177715182304382},"size":20.861812591552736,"orthographic":false}