{"cameraMode":{"drawMode":0,"name":"Shaded","section":"Shading Mode"},"sceneLighting":false,"audioPlay":false,"sceneViewState":{"showFog":true,"showMaterialUpdate":true,"showSkybox":false,"showFlares":true,"showImageEffects":true,"showParticleSystems":true},"in2DMode":false,"pivot":{"x":-6.607629776000977,"y":5.588736534118652,"z":13.725707054138184},"rotation":{"x":-0.010720847174525261,"y":0.9848794341087341,"z":-0.07215974479913712,"w":-0.1597408503293991},"size":4.277544021606445,"orthographic":false}