{"cameraMode":{"drawMode":0,"name":"Shaded","section":"Shading Mode"},"sceneLighting":false,"audioPlay":false,"sceneViewState":{"showFog":true,"showMaterialUpdate":true,"showSkybox":false,"showFlares":true,"showImageEffects":true,"showParticleSystems":true},"in2DMode":false,"pivot":{"x":156.1124725341797,"y":518.31494140625,"z":225.89999389648438},"rotation":{"x":0.014960447326302529,"y":-0.6195051670074463,"z":-0.011955613270401955,"w":-0.7849127650260925},"size":3.3720693588256838,"orthographic":false}