{"cameraMode":{"drawMode":0,"name":"Shaded","section":"Shading Mode"},"sceneLighting":false,"audioPlay":false,"sceneViewState":{"showFog":true,"showMaterialUpdate":true,"showSkybox":false,"showFlares":true,"showImageEffects":true,"showParticleSystems":true},"in2DMode":false,"pivot":{"x":0.8467280268669128,"y":0.2908197343349457,"z":-2.2517669200897219},"rotation":{"x":0.02169312909245491,"y":-0.8815788626670837,"z":0.47018158435821535,"w":0.03985301032662392},"size":7.689689636230469,"orthographic":false}