{"cameraMode":{"drawMode":0,"name":"Shaded","section":"Shading Mode"},"sceneLighting":false,"audioPlay":false,"sceneViewState":{"showFog":true,"showMaterialUpdate":true,"showSkybox":false,"showFlares":true,"showImageEffects":true,"showParticleSystems":true},"in2DMode":false,"pivot":{"x":344.6668395996094,"y":143.53858947753907,"z":21.594154357910158},"rotation":{"x":0.038233496248722079,"y":-0.955605685710907,"z":0.25040125846862795,"w":0.1532135009765625},"size":23.781869888305665,"orthographic":false}