{"cameraMode":{"drawMode":0,"name":"Shaded","section":"Shading Mode"},"sceneLighting":false,"audioPlay":false,"sceneViewState":{"showFog":true,"showMaterialUpdate":true,"showSkybox":false,"showFlares":true,"showImageEffects":true,"showParticleSystems":true},"in2DMode":false,"pivot":{"x":13.056876182556153,"y":11.772326469421387,"z":25.932334899902345},"rotation":{"x":-0.07839701324701309,"y":0.9145750403404236,"z":-0.21618369221687318,"w":-0.33338913321495058},"size":9.555770874023438,"orthographic":false}