{"cameraMode":{"drawMode":0,"name":"Shaded","section":"Shading Mode"},"sceneLighting":false,"audioPlay":false,"sceneViewState":{"showFog":true,"showMaterialUpdate":true,"showSkybox":false,"showFlares":true,"showImageEffects":true,"showParticleSystems":true},"in2DMode":false,"pivot":{"x":2.5000009536743166,"y":0.0,"z":-2.4999990463256838},"rotation":{"x":-0.17787769436836244,"y":0.8223094940185547,"z":-0.3920385539531708,"w":-0.37252533435821535},"size":11.85318374633789,"orthographic":false}