{"cameraMode":{"drawMode":0,"name":"Shaded","section":"Shading Mode"},"sceneLighting":false,"audioPlay":false,"sceneViewState":{"showFog":true,"showMaterialUpdate":true,"showSkybox":false,"showFlares":true,"showImageEffects":true,"showParticleSystems":true},"in2DMode":false,"pivot":{"x":1.8055599927902222,"y":5.245362281799316,"z":36.94131851196289},"rotation":{"x":-0.14994728565216065,"y":0.07936835289001465,"z":-0.012359322980046273,"w":-0.9857544898986816},"size":3.357191324234009,"orthographic":false}