{"cameraMode":{"drawMode":0,"name":"Shaded","section":"Shading Mode"},"sceneLighting":false,"audioPlay":false,"sceneViewState":{"showFog":true,"showMaterialUpdate":true,"showSkybox":false,"showFlares":true,"showImageEffects":true,"showParticleSystems":true},"in2DMode":false,"pivot":{"x":0.28779664635658266,"y":0.1058802604675293,"z":0.4303778409957886},"rotation":{"x":0.1200074627995491,"y":0.1927046775817871,"z":-0.02307690493762493,"w":0.9738720059394836},"size":2.67051362991333,"orthographic":false}