{"cameraMode":{"drawMode":0,"name":"Shaded","section":"Shading Mode"},"sceneLighting":true,"audioPlay":false,"sceneViewState":{"showFog":true,"showMaterialUpdate":true,"showSkybox":true,"showFlares":true,"showImageEffects":true,"showParticleSystems":true},"in2DMode":false,"pivot":{"x":4.861715316772461,"y":-30.609046936035158,"z":43.61223602294922},"rotation":{"x":-0.2872382700443268,"y":-0.06697069853544235,"z":0.019907968118786813,"w":-0.9555974006652832},"size":77.60574340820313,"orthographic":false}