{"cameraMode":{"drawMode":0,"name":"Shaded","section":"Shading Mode"},"sceneLighting":true,"audioPlay":false,"sceneViewState":{"showFog":true,"showMaterialUpdate":true,"showSkybox":true,"showFlares":true,"showImageEffects":true,"showParticleSystems":true},"in2DMode":false,"pivot":{"x":18.849098205566408,"y":12.580431938171387,"z":80.08351135253906},"rotation":{"x":-0.2207009643316269,"y":-0.7811044454574585,"z":0.39923346042633059,"w":-0.42731717228889468},"size":137.2230224609375,"orthographic":false}