{"cameraMode":{"drawMode":0,"name":"Shaded","section":"Shading Mode"},"sceneLighting":false,"audioPlay":false,"sceneViewState":{"showFog":true,"showMaterialUpdate":true,"showSkybox":false,"showFlares":true,"showImageEffects":true,"showParticleSystems":true},"in2DMode":false,"pivot":{"x":0.0,"y":0.6349517107009888,"z":-0.010294795036315918},"rotation":{"x":-0.15234261751174928,"y":-0.37120720744132998,"z":0.05648709833621979,"w":-0.915242075920105},"size":3.1085774898529054,"orthographic":false}