{"cameraMode":{"drawMode":0,"name":"Shaded","section":"Shading Mode"},"sceneLighting":true,"audioPlay":false,"sceneViewState":{"showFog":true,"showMaterialUpdate":true,"showSkybox":true,"showFlares":true,"showImageEffects":true,"showParticleSystems":true},"in2DMode":false,"pivot":{"x":-115.31097412109375,"y":-336.62518310546877,"z":339.1317138671875},"rotation":{"x":-0.37595343589782717,"y":0.15386049449443818,"z":-0.06323883682489395,"w":-0.911986768245697},"size":496.0502624511719,"orthographic":false}