{"cameraMode":{"drawMode":0,"name":"Shaded","section":"Shading Mode"},"sceneLighting":false,"audioPlay":false,"sceneViewState":{"showFog":true,"showMaterialUpdate":true,"showSkybox":false,"showFlares":true,"showImageEffects":true,"showParticleSystems":true},"in2DMode":false,"pivot":{"x":0.006888866424560547,"y":2.5071380138397219,"z":0.005150258541107178},"rotation":{"x":-0.10591422021389008,"y":-0.015995945781469346,"z":-0.0015514768892899156,"w":-0.9951943755149841},"size":11.896138191223145,"orthographic":false}