{"cameraMode":{"drawMode":0,"name":"Shaded","section":"Shading Mode"},"sceneLighting":true,"audioPlay":false,"sceneViewState":{"showFog":true,"showMaterialUpdate":true,"showSkybox":true,"showFlares":true,"showImageEffects":true,"showParticleSystems":true},"in2DMode":false,"pivot":{"x":-6.217371940612793,"y":-31.230438232421876,"z":12.043956756591797},"rotation":{"x":-0.4265051484107971,"y":-0.15139126777648927,"z":0.0725352019071579,"w":-0.8889017701148987},"size":171.10169982910157,"orthographic":false}