{"cameraMode":{"drawMode":0,"name":"Shaded","section":"Shading Mode"},"sceneLighting":false,"audioPlay":false,"sceneViewState":{"showFog":true,"showMaterialUpdate":true,"showSkybox":false,"showFlares":true,"showImageEffects":true,"showParticleSystems":true},"in2DMode":false,"pivot":{"x":-0.013465940952301026,"y":0.4029234051704407,"z":-0.007962942123413086},"rotation":{"x":-0.4906211793422699,"y":-0.2350071221590042,"z":0.13923165202140809,"w":-0.8278579115867615},"size":6.250454902648926,"orthographic":false}