{"cameraMode":{"drawMode":0,"name":"Shaded","section":"Shading Mode"},"sceneLighting":false,"audioPlay":false,"sceneViewState":{"showFog":true,"showMaterialUpdate":true,"showSkybox":false,"showFlares":true,"showImageEffects":true,"showParticleSystems":true},"in2DMode":false,"pivot":{"x":523.4888916015625,"y":305.45721435546877,"z":-6.132728576660156},"rotation":{"x":-0.017025308683514596,"y":-0.005740157328546047,"z":0.00023362245701719075,"w":1.000077486038208},"size":72.43419647216797,"orthographic":false}