{"cameraMode":{"drawMode":0,"name":"Shaded","section":"Shading Mode"},"sceneLighting":false,"audioPlay":false,"sceneViewState":{"showFog":true,"showMaterialUpdate":true,"showSkybox":false,"showFlares":true,"showImageEffects":true,"showParticleSystems":true},"in2DMode":false,"pivot":{"x":-6.607629776000977,"y":5.588736534118652,"z":13.725707054138184},"rotation":{"x":-0.00385848805308342,"y":0.9955581426620483,"z":-0.07284979522228241,"w":-0.0660972073674202},"size":4.577544212341309,"orthographic":false}