{"cameraMode":{"drawMode":0,"name":"Shaded","section":"Shading Mode"},"sceneLighting":false,"audioPlay":false,"sceneViewState":{"showFog":true,"showMaterialUpdate":true,"showSkybox":false,"showFlares":true,"showImageEffects":true,"showParticleSystems":true},"in2DMode":false,"pivot":{"x":-0.06536946445703507,"y":5.258252143859863,"z":9.623856544494629},"rotation":{"x":0.17187383770942689,"y":0.09625820070505142,"z":-0.01638004556298256,"w":0.9805100560188294},"size":2.1154496669769289,"orthographic":false}