{"cameraMode":{"drawMode":0,"name":"Shaded","section":"Shading Mode"},"sceneLighting":true,"audioPlay":false,"sceneViewState":{"showFog":true,"showMaterialUpdate":true,"showSkybox":true,"showFlares":true,"showImageEffects":true,"showParticleSystems":true},"in2DMode":false,"pivot":{"x":-4.638454437255859,"y":2.5421009063720705,"z":19.193618774414064},"rotation":{"x":-0.3331216275691986,"y":0.04780175909399986,"z":-0.01798338070511818,"w":-0.941936194896698},"size":20.57140350341797,"orthographic":false}