{"cameraMode":{"drawMode":0,"name":"Shaded","section":"Shading Mode"},"sceneLighting":true,"audioPlay":false,"sceneViewState":{"showFog":true,"showMaterialUpdate":true,"showSkybox":true,"showFlares":true,"showImageEffects":true,"showParticleSystems":true},"in2DMode":false,"pivot":{"x":0.8976305723190308,"y":5.897507667541504,"z":-17.068161010742189},"rotation":{"x":0.14280320703983308,"y":0.15235166251659394,"z":-0.022251402959227563,"w":0.9780773520469666},"size":7.739670276641846,"orthographic":false}