{"cameraMode":{"drawMode":0,"name":"Shaded","section":"Shading Mode"},"sceneLighting":true,"audioPlay":false,"sceneViewState":{"showFog":true,"showMaterialUpdate":true,"showSkybox":true,"showFlares":true,"showImageEffects":true,"showParticleSystems":true},"in2DMode":false,"pivot":{"x":5.789863586425781,"y":3.9917774200439455,"z":8.251487731933594},"rotation":{"x":-0.16822262108325959,"y":0.8312130570411682,"z":-0.3771093487739563,"w":-0.37336134910583498},"size":20.157026290893556,"orthographic":false}