{"cameraMode":{"drawMode":0,"name":"Shaded","section":"Shading Mode"},"sceneLighting":true,"audioPlay":false,"sceneViewState":{"showFog":true,"showMaterialUpdate":true,"showSkybox":true,"showFlares":true,"showImageEffects":true,"showParticleSystems":true},"in2DMode":false,"pivot":{"x":12.021965026855469,"y":4.911769866943359,"z":36.87203598022461},"rotation":{"x":-0.19322314858436585,"y":-0.5762947201728821,"z":0.14265860617160798,"w":-0.7815301418304443},"size":47.13277816772461,"orthographic":false}