{"cameraMode":{"drawMode":0,"name":"Shaded","section":"Shading Mode"},"sceneLighting":false,"audioPlay":false,"sceneViewState":{"showFog":true,"showMaterialUpdate":true,"showSkybox":false,"showFlares":true,"showImageEffects":true,"showParticleSystems":true},"in2DMode":false,"pivot":{"x":3.096061944961548,"y":0.4971409738063812,"z":-1.8899472951889039},"rotation":{"x":-0.2926124334335327,"y":-0.6022858619689941,"z":0.2540845572948456,"w":-0.6981219053268433},"size":7.182040214538574,"orthographic":false}