{"cameraMode":{"drawMode":0,"name":"Shaded","section":"Shading Mode"},"sceneLighting":false,"audioPlay":false,"sceneViewState":{"showFog":true,"showMaterialUpdate":true,"showSkybox":false,"showFlares":true,"showImageEffects":true,"showParticleSystems":true},"in2DMode":false,"pivot":{"x":-10.229999542236329,"y":3.890000104904175,"z":25.579999923706056},"rotation":{"x":-0.26330578327178957,"y":0.6908700466156006,"z":-0.2875564694404602,"w":-0.6108037829399109},"size":8.888138771057129,"orthographic":false}