{"cameraMode":{"drawMode":0,"name":"Shaded","section":"Shading Mode"},"sceneLighting":true,"audioPlay":false,"sceneViewState":{"showFog":true,"showMaterialUpdate":true,"showSkybox":true,"showFlares":true,"showImageEffects":true,"showParticleSystems":true},"in2DMode":false,"pivot":{"x":-9.236384391784668,"y":12.678444862365723,"z":30.368467330932618},"rotation":{"x":-0.39920762181282046,"y":-0.5491083860397339,"z":0.32982563972473147,"w":-0.6568343043327332},"size":107.84964752197266,"orthographic":false}