{"cameraMode":{"drawMode":0,"name":"Shaded","section":"Shading Mode"},"sceneLighting":false,"audioPlay":false,"sceneViewState":{"showFog":true,"showMaterialUpdate":true,"showSkybox":false,"showFlares":true,"showImageEffects":true,"showParticleSystems":true},"in2DMode":false,"pivot":{"x":1.209335446357727,"y":1.5700000524520875,"z":1.8299999237060547},"rotation":{"x":-0.031754616647958758,"y":-0.6409344673156738,"z":0.02668020687997341,"w":-0.7667142152786255},"size":0.8289417624473572,"orthographic":false}