{"cameraMode":{"drawMode":0,"name":"Shaded","section":"Shading Mode"},"sceneLighting":false,"audioPlay":false,"sceneViewState":{"showFog":true,"showMaterialUpdate":true,"showSkybox":false,"showFlares":true,"showImageEffects":true,"showParticleSystems":true},"in2DMode":false,"pivot":{"x":3.4392237663269045,"y":0.5069405436515808,"z":-1.9589684009552003},"rotation":{"x":0.4225931167602539,"y":-0.5648335218429565,"z":0.43098652362823489,"w":0.5639364123344421},"size":5.489859580993652,"orthographic":false}