{"cameraMode":{"drawMode":0,"name":"Shaded","section":"Shading Mode"},"sceneLighting":true,"audioPlay":false,"sceneViewState":{"showFog":true,"showMaterialUpdate":true,"showSkybox":true,"showFlares":true,"showImageEffects":true,"showParticleSystems":true},"in2DMode":false,"pivot":{"x":0.19372962415218354,"y":7.437130928039551,"z":-3.3291513919830324},"rotation":{"x":-0.28279197216033938,"y":-0.0746055468916893,"z":0.021396201103925706,"w":-0.9562707543373108},"size":12.88691234588623,"orthographic":false}