{"cameraMode":{"drawMode":0,"name":"Shaded","section":"Shading Mode"},"sceneLighting":true,"audioPlay":false,"sceneViewState":{"showFog":true,"showMaterialUpdate":true,"showSkybox":true,"showFlares":true,"showImageEffects":true,"showParticleSystems":true},"in2DMode":false,"pivot":{"x":-8.0595703125,"y":9.330617904663086,"z":18.822572708129884},"rotation":{"x":0.42781323194503786,"y":0.1256917119026184,"z":-0.059596624225378039,"w":0.8934906125068665},"size":17.764690399169923,"orthographic":false}