{"cameraMode":{"drawMode":0,"name":"Shaded","section":"Shading Mode"},"sceneLighting":true,"audioPlay":false,"sceneViewState":{"showFog":true,"showMaterialUpdate":true,"showSkybox":true,"showFlares":true,"showImageEffects":true,"showParticleSystems":true},"in2DMode":false,"pivot":{"x":-14.386781692504883,"y":14.449201583862305,"z":37.91159439086914},"rotation":{"x":-0.35203492641448977,"y":0.3474412262439728,"z":-0.14262433350086213,"w":-0.8577062487602234},"size":37.22751235961914,"orthographic":false}