{"cameraMode":{"drawMode":0,"name":"Shaded","section":"Shading Mode"},"sceneLighting":true,"audioPlay":false,"sceneViewState":{"showFog":true,"showMaterialUpdate":true,"showSkybox":true,"showFlares":true,"showImageEffects":true,"showParticleSystems":true},"in2DMode":false,"pivot":{"x":6.555164337158203,"y":3.223480224609375,"z":44.89606857299805},"rotation":{"x":-0.1571538895368576,"y":-0.764227032661438,"z":0.20050184428691865,"w":-0.5931954383850098},"size":52.1201286315918,"orthographic":false}