{"cameraMode":{"drawMode":0,"name":"Shaded","section":"Shading Mode"},"sceneLighting":true,"audioPlay":false,"sceneViewState":{"showFog":true,"showMaterialUpdate":true,"showSkybox":true,"showFlares":true,"showImageEffects":true,"showParticleSystems":true},"in2DMode":false,"pivot":{"x":-2.1668639183044435,"y":-0.18608474731445313,"z":-25.67209243774414},"rotation":{"x":0.22670404613018037,"y":-0.047960054129362109,"z":0.01379772275686264,"w":0.9732609987258911},"size":21.244251251220704,"orthographic":false}