{"cameraMode":{"drawMode":0,"name":"Shaded","section":"Shading Mode"},"sceneLighting":false,"audioPlay":false,"sceneViewState":{"showFog":true,"showMaterialUpdate":true,"showSkybox":false,"showFlares":true,"showImageEffects":true,"showParticleSystems":true},"in2DMode":false,"pivot":{"x":342.0069274902344,"y":141.04638671875,"z":24.066804885864259},"rotation":{"x":0.0554383248090744,"y":-0.9427720308303833,"z":0.21870528161525727,"w":0.24717697501182557},"size":6.851276874542236,"orthographic":false}