{"cameraMode":{"drawMode":0,"name":"Shaded","section":"Shading Mode"},"sceneLighting":true,"audioPlay":false,"sceneViewState":{"showFog":true,"showMaterialUpdate":true,"showSkybox":true,"showFlares":true,"showImageEffects":true,"showParticleSystems":true},"in2DMode":false,"pivot":{"x":-0.11996936798095703,"y":11.663904190063477,"z":11.367876052856446},"rotation":{"x":0.2049666792154312,"y":0.03265781328082085,"z":-0.006370398681610823,"w":0.9784502983093262},"size":19.15769386291504,"orthographic":false}