{"cameraMode":{"drawMode":0,"name":"Shaded","section":"Shading Mode"},"sceneLighting":true,"audioPlay":false,"sceneViewState":{"showFog":true,"showMaterialUpdate":true,"showSkybox":true,"showFlares":true,"showImageEffects":true,"showParticleSystems":true},"in2DMode":false,"pivot":{"x":78.86760711669922,"y":126.01933288574219,"z":-61.170654296875},"rotation":{"x":0.044073913246393207,"y":0.07069439440965653,"z":0.0008226580685004592,"w":-0.9969198107719421},"size":265.3905944824219,"orthographic":false}