{"cameraMode":{"drawMode":0,"name":"Shaded","section":"Shading Mode"},"sceneLighting":true,"audioPlay":false,"sceneViewState":{"showFog":true,"showMaterialUpdate":true,"showSkybox":true,"showFlares":true,"showImageEffects":true,"showParticleSystems":true},"in2DMode":false,"pivot":{"x":11.801034927368164,"y":0.014741897583007813,"z":3.05574893951416},"rotation":{"x":-0.17787769436836244,"y":0.8223094940185547,"z":-0.3920385539531708,"w":-0.37252533435821535},"size":45.802162170410159,"orthographic":false}