{"cameraMode":{"drawMode":0,"name":"Shaded","section":"Shading Mode"},"sceneLighting":true,"audioPlay":false,"sceneViewState":{"showFog":true,"showMaterialUpdate":true,"showSkybox":true,"showFlares":true,"showImageEffects":true,"showParticleSystems":true},"in2DMode":false,"pivot":{"x":307.36407470703127,"y":240.72451782226563,"z":0.0},"rotation":{"x":0.0009765850845724345,"y":-0.02547900564968586,"z":0.00019203440751880407,"w":1.0000461339950562},"size":265.75091552734377,"orthographic":false}