{"cameraMode":{"drawMode":0,"name":"Shaded","section":"Shading Mode"},"sceneLighting":false,"audioPlay":false,"sceneViewState":{"showFog":true,"showMaterialUpdate":true,"showSkybox":false,"showFlares":true,"showImageEffects":true,"showParticleSystems":true},"in2DMode":false,"pivot":{"x":-2.6541614532470705,"y":6.2344279289245609,"z":-11.563745498657227},"rotation":{"x":0.1878991276025772,"y":0.10179846733808518,"z":-0.019262775778770448,"w":0.976951539516449},"size":71.45260620117188,"orthographic":false}