{"cameraMode":{"drawMode":0,"name":"Shaded","section":"Shading Mode"},"sceneLighting":false,"audioPlay":false,"sceneViewState":{"showFog":true,"showMaterialUpdate":true,"showSkybox":false,"showFlares":true,"showImageEffects":true,"showParticleSystems":true},"in2DMode":false,"pivot":{"x":8.711936950683594,"y":0.745941162109375,"z":6.5538249015808109},"rotation":{"x":-0.1323818862438202,"y":0.8699287176132202,"z":-0.31415092945098879,"w":-0.35947251319885256},"size":12.932923316955567,"orthographic":false}