{"cameraMode":{"drawMode":0,"name":"Shaded","section":"Shading Mode"},"sceneLighting":true,"audioPlay":false,"sceneViewState":{"showFog":true,"showMaterialUpdate":true,"showSkybox":true,"showFlares":true,"showImageEffects":true,"showParticleSystems":true},"in2DMode":false,"pivot":{"x":-24.893102645874025,"y":5.119905471801758,"z":27.184038162231447},"rotation":{"x":-0.28832173347473147,"y":-0.5332320928573608,"z":0.19687342643737794,"w":-0.771100640296936},"size":44.03376007080078,"orthographic":false}