{"cameraMode":{"drawMode":0,"name":"Shaded","section":"Shading Mode"},"sceneLighting":true,"audioPlay":false,"sceneViewState":{"showFog":true,"showMaterialUpdate":false,"showSkybox":true,"showFlares":true,"showImageEffects":true,"showParticleSystems":true},"in2DMode":false,"pivot":{"x":38.86610412597656,"y":-3.962413787841797,"z":2.3166065216064455},"rotation":{"x":-0.2852095365524292,"y":0.5446822047233582,"z":-0.20391696691513062,"w":-0.7618495225906372},"size":30.0871639251709,"orthographic":false}