{"cameraMode":{"drawMode":0,"name":"Shaded","section":"Shading Mode"},"sceneLighting":false,"audioPlay":false,"sceneViewState":{"showFog":true,"showMaterialUpdate":true,"showSkybox":false,"showFlares":true,"showImageEffects":true,"showParticleSystems":true},"in2DMode":false,"pivot":{"x":-0.23030011355876923,"y":0.3843070864677429,"z":-0.3970460295677185},"rotation":{"x":-0.03607729822397232,"y":0.1511155217885971,"z":0.005677989684045315,"w":0.9880815744400024},"size":0.3393086791038513,"orthographic":false}