{"cameraMode":{"drawMode":0,"name":"Shaded","section":"Shading Mode"},"sceneLighting":false,"audioPlay":false,"sceneViewState":{"showFog":true,"showMaterialUpdate":true,"showSkybox":false,"showFlares":true,"showImageEffects":true,"showParticleSystems":true},"in2DMode":false,"pivot":{"x":0.1464748978614807,"y":1.0477368831634522,"z":-0.13428595662117005},"rotation":{"x":-0.03276929259300232,"y":-0.15587566792964936,"z":0.000789548153989017,"w":-0.9879166483879089},"size":2.533463478088379,"orthographic":false}