{"cameraMode":{"drawMode":0,"name":"Shaded","section":"Shading Mode"},"sceneLighting":false,"audioPlay":false,"sceneViewState":{"showFog":true,"showMaterialUpdate":true,"showSkybox":false,"showFlares":true,"showImageEffects":true,"showParticleSystems":true},"in2DMode":false,"pivot":{"x":-10.23951530456543,"y":20.551212310791017,"z":12.231280326843262},"rotation":{"x":-0.29207393527030947,"y":0.6705563068389893,"z":-0.32918015122413638,"w":-0.5979241728782654},"size":22.0,"orthographic":false}