{"cameraMode":{"drawMode":0,"name":"Shaded","section":"Shading Mode"},"sceneLighting":true,"audioPlay":false,"sceneViewState":{"showFog":true,"showMaterialUpdate":true,"showSkybox":true,"showFlares":true,"showImageEffects":true,"showParticleSystems":true},"in2DMode":false,"pivot":{"x":-5.186012268066406,"y":-25.984703063964845,"z":8.032081604003907},"rotation":{"x":0.3263658881187439,"y":0.48006242513656618,"z":-0.19452491402626038,"w":0.7914393544197083},"size":131.63912963867188,"orthographic":false}