{"cameraMode":{"drawMode":0,"name":"Shaded","section":"Shading Mode"},"sceneLighting":true,"audioPlay":false,"sceneViewState":{"showFog":true,"showMaterialUpdate":true,"showSkybox":true,"showFlares":true,"showImageEffects":true,"showParticleSystems":true},"in2DMode":false,"pivot":{"x":13.694738388061524,"y":7.896276473999023,"z":20.847408294677736},"rotation":{"x":-0.1936596930027008,"y":-0.44005757570266726,"z":0.0974801555275917,"w":-0.8717473745346069},"size":14.935176849365235,"orthographic":false}