{"cameraMode":{"drawMode":0,"name":"Shaded","section":"Shading Mode"},"sceneLighting":true,"audioPlay":false,"sceneViewState":{"showFog":true,"showMaterialUpdate":true,"showSkybox":true,"showFlares":true,"showImageEffects":true,"showParticleSystems":true},"in2DMode":false,"pivot":{"x":-13.062475204467774,"y":14.926547050476075,"z":8.328112602233887},"rotation":{"x":0.1219901591539383,"y":0.8497957587242127,"z":-0.2235892415046692,"w":0.4619864821434021},"size":7.085368633270264,"orthographic":false}