{"cameraMode":{"drawMode":0,"name":"Shaded","section":"Shading Mode"},"sceneLighting":false,"audioPlay":false,"sceneViewState":{"showFog":true,"showMaterialUpdate":true,"showSkybox":false,"showFlares":true,"showImageEffects":true,"showParticleSystems":true},"in2DMode":false,"pivot":{"x":5.438416481018066,"y":5.752811431884766,"z":18.279245376586915},"rotation":{"x":-0.0038666098844259979,"y":0.9716702103614807,"z":-0.2372560054063797,"w":-0.017306722700595857},"size":9.726396560668946,"orthographic":false}