{"cameraMode":{"drawMode":0,"name":"Shaded","section":"Shading Mode"},"sceneLighting":false,"audioPlay":false,"sceneViewState":{"showFog":true,"showMaterialUpdate":true,"showSkybox":false,"showFlares":true,"showImageEffects":true,"showParticleSystems":true},"in2DMode":false,"pivot":{"x":-0.1962594985961914,"y":5.800055503845215,"z":9.071432113647461},"rotation":{"x":0.03789535164833069,"y":0.954120934009552,"z":-0.13482847809791566,"w":0.26556894183158877},"size":3.5748562812805177,"orthographic":false}