{"cameraMode":{"drawMode":0,"name":"Shaded","section":"Shading Mode"},"sceneLighting":false,"audioPlay":false,"sceneViewState":{"showFog":true,"showMaterialUpdate":true,"showSkybox":false,"showFlares":true,"showImageEffects":true,"showParticleSystems":true},"in2DMode":false,"pivot":{"x":2.792463779449463,"y":-0.5817925930023193,"z":-2.411129951477051},"rotation":{"x":-0.13100221753120423,"y":-0.8482640981674194,"z":0.4493253827095032,"w":-0.24841322004795075},"size":5.794874668121338,"orthographic":false}