{"cameraMode":{"drawMode":0,"name":"Shaded","section":"Shading Mode"},"sceneLighting":true,"audioPlay":false,"sceneViewState":{"showFog":true,"showMaterialUpdate":true,"showSkybox":true,"showFlares":true,"showImageEffects":true,"showParticleSystems":true},"in2DMode":false,"pivot":{"x":-24.363636016845704,"y":-22.5008544921875,"z":83.66708374023438},"rotation":{"x":-0.4053570032119751,"y":-0.4196573495864868,"z":0.2242836058139801,"w":-0.7822530269622803},"size":128.8839569091797,"orthographic":false}