{"cameraMode":{"drawMode":0,"name":"Shaded","section":"Shading Mode"},"sceneLighting":true,"audioPlay":false,"sceneViewState":{"showFog":true,"showMaterialUpdate":true,"showSkybox":true,"showFlares":true,"showImageEffects":true,"showParticleSystems":true},"in2DMode":false,"pivot":{"x":-3.3365814685821535,"y":-0.3374037444591522,"z":16.00065803527832},"rotation":{"x":-0.17039872705936433,"y":-0.15833307802677155,"z":0.02785605750977993,"w":-0.9724754691123962},"size":20.437114715576173,"orthographic":false}