{"cameraMode":{"drawMode":0,"name":"Shaded","section":"Shading Mode"},"sceneLighting":true,"audioPlay":false,"sceneViewState":{"showFog":true,"showMaterialUpdate":true,"showSkybox":true,"showFlares":true,"showImageEffects":true,"showParticleSystems":true},"in2DMode":false,"pivot":{"x":-22.12566566467285,"y":17.409992218017579,"z":11.058502197265625},"rotation":{"x":0.12885037064552308,"y":0.5830678939819336,"z":-0.09374921768903732,"w":0.7970277667045593},"size":14.935176849365235,"orthographic":false}