{"cameraMode":{"drawMode":0,"name":"Shaded","section":"Shading Mode"},"sceneLighting":false,"audioPlay":false,"sceneViewState":{"showFog":true,"showMaterialUpdate":true,"showSkybox":false,"showFlares":true,"showImageEffects":true,"showParticleSystems":true},"in2DMode":false,"pivot":{"x":156.1124725341797,"y":518.31494140625,"z":225.89999389648438},"rotation":{"x":0.16353632509708405,"y":-0.6170582175254822,"z":-0.1334492415189743,"w":-0.7582378387451172},"size":2.8578836917877199,"orthographic":false}