{"cameraMode":{"drawMode":0,"name":"Shaded","section":"Shading Mode"},"sceneLighting":true,"audioPlay":false,"sceneViewState":{"showFog":true,"showMaterialUpdate":true,"showSkybox":true,"showFlares":true,"showImageEffects":true,"showParticleSystems":true},"in2DMode":false,"pivot":{"x":924.46337890625,"y":547.003173828125,"z":-9.337646484375},"rotation":{"x":0.028848333284258844,"y":-0.004430097993463278,"z":0.00044925615657120943,"w":0.9997022151947022},"size":1653.4857177734375,"orthographic":false}