{"cameraMode":{"drawMode":0,"name":"Shaded","section":"Shading Mode"},"sceneLighting":false,"audioPlay":false,"sceneViewState":{"showFog":true,"showMaterialUpdate":true,"showSkybox":false,"showFlares":true,"showImageEffects":true,"showParticleSystems":true},"in2DMode":false,"pivot":{"x":-3.068891763687134,"y":1.998006820678711,"z":1.2125489711761475},"rotation":{"x":-0.003539127530530095,"y":-0.999498724937439,"z":0.02365964651107788,"w":0.042165666818618777},"size":6.015435695648193,"orthographic":false}