{"cameraMode":{"drawMode":0,"name":"Shaded","section":"Shading Mode"},"sceneLighting":false,"audioPlay":false,"sceneViewState":{"showFog":true,"showMaterialUpdate":true,"showSkybox":false,"showFlares":true,"showImageEffects":true,"showParticleSystems":true},"in2DMode":false,"pivot":{"x":3.3732669353485109,"y":8.269244194030762,"z":19.043949127197267},"rotation":{"x":-0.0726894661784172,"y":-0.9270469546318054,"z":0.25319382548332217,"w":-0.2680332660675049},"size":1.708664894104004,"orthographic":false}