{"cameraMode":{"drawMode":0,"name":"Shaded","section":"Shading Mode"},"sceneLighting":false,"audioPlay":false,"sceneViewState":{"showFog":true,"showMaterialUpdate":true,"showSkybox":false,"showFlares":true,"showImageEffects":true,"showParticleSystems":true},"in2DMode":false,"pivot":{"x":-4.164680480957031,"y":2.1369833946228029,"z":3.805009603500366},"rotation":{"x":-0.06525670737028122,"y":-0.07868502289056778,"z":0.005037524737417698,"w":-0.9950318932533264},"size":1.4625298976898194,"orthographic":false}