{"cameraMode":{"drawMode":0,"name":"Shaded","section":"Shading Mode"},"sceneLighting":false,"audioPlay":false,"sceneViewState":{"showFog":true,"showMaterialUpdate":true,"showSkybox":false,"showFlares":true,"showImageEffects":true,"showParticleSystems":true},"in2DMode":false,"pivot":{"x":-4.802627086639404,"y":5.428962230682373,"z":14.864057540893555},"rotation":{"x":0.013554368168115616,"y":0.9795486330986023,"z":0.06510745733976364,"w":-0.19210131466388703},"size":4.026063442230225,"orthographic":false}