{"cameraMode":{"drawMode":0,"name":"Shaded","section":"Shading Mode"},"sceneLighting":true,"audioPlay":false,"sceneViewState":{"showFog":true,"showMaterialUpdate":true,"showSkybox":true,"showFlares":true,"showImageEffects":true,"showParticleSystems":true},"in2DMode":false,"pivot":{"x":-110.29644775390625,"y":1.5466954708099366,"z":84.52305603027344},"rotation":{"x":-0.2849564850330353,"y":-0.20507937669754029,"z":0.059001095592975619,"w":-0.9354596138000488},"size":4.981967449188232,"orthographic":false}