{"cameraMode":{"drawMode":0,"name":"Shaded","section":"Shading Mode"},"sceneLighting":false,"audioPlay":false,"sceneViewState":{"showFog":true,"showMaterialUpdate":true,"showSkybox":false,"showFlares":true,"showImageEffects":true,"showParticleSystems":true},"in2DMode":false,"pivot":{"x":-6.537352085113525,"y":7.595959663391113,"z":19.780790328979493},"rotation":{"x":-0.013393174856901169,"y":0.8082512021064758,"z":-0.01930030807852745,"w":-0.5889623761177063},"size":13.616872787475586,"orthographic":false}