{"cameraMode":{"drawMode":0,"name":"Shaded","section":"Shading Mode"},"sceneLighting":false,"audioPlay":false,"sceneViewState":{"showFog":true,"showMaterialUpdate":true,"showSkybox":false,"showFlares":true,"showImageEffects":true,"showParticleSystems":true},"in2DMode":false,"pivot":{"x":-0.14900000393390656,"y":1.3029999732971192,"z":-2.5230000019073488},"rotation":{"x":0.0858001634478569,"y":-0.6303038597106934,"z":0.07063427567481995,"w":0.7685115337371826},"size":0.8658392429351807,"orthographic":false}