{"cameraMode":{"drawMode":0,"name":"Shaded","section":"Shading Mode"},"sceneLighting":false,"audioPlay":false,"sceneViewState":{"showFog":true,"showMaterialUpdate":true,"showSkybox":false,"showFlares":true,"showImageEffects":true,"showParticleSystems":true},"in2DMode":false,"pivot":{"x":-3.9030323028564455,"y":11.338720321655274,"z":-28.236228942871095},"rotation":{"x":-0.03442942723631859,"y":0.9603503346443176,"z":-0.23916201293468476,"w":-0.14085261523723603},"size":8.703045845031739,"orthographic":false}