{"cameraMode":{"drawMode":0,"name":"Shaded","section":"Shading Mode"},"sceneLighting":false,"audioPlay":false,"sceneViewState":{"showFog":true,"showMaterialUpdate":true,"showSkybox":false,"showFlares":true,"showImageEffects":true,"showParticleSystems":true},"in2DMode":false,"pivot":{"x":-0.022543855011463167,"y":0.7078555822372437,"z":-0.45142340660095217},"rotation":{"x":0.003106179414317012,"y":0.9935110211372376,"z":-0.11322106420993805,"w":0.023831823840737344},"size":2.280494213104248,"orthographic":false}