{"cameraMode":{"drawMode":0,"name":"Shaded","section":"Shading Mode"},"sceneLighting":true,"audioPlay":false,"sceneViewState":{"showFog":true,"showMaterialUpdate":true,"showSkybox":true,"showFlares":true,"showImageEffects":true,"showParticleSystems":true},"in2DMode":false,"pivot":{"x":-7.360698223114014,"y":-10.83255386352539,"z":86.96794128417969},"rotation":{"x":-0.4053570032119751,"y":-0.4196573495864868,"z":0.2242836058139801,"w":-0.7822530269622803},"size":107.20433807373047,"orthographic":false}