{"cameraMode":{"drawMode":0,"name":"Shaded","section":"Shading Mode"},"sceneLighting":true,"audioPlay":false,"sceneViewState":{"showFog":true,"showMaterialUpdate":true,"showSkybox":true,"showFlares":true,"showImageEffects":true,"showParticleSystems":true},"in2DMode":false,"pivot":{"x":-5.511134147644043,"y":1.6601548194885255,"z":10.033982276916504},"rotation":{"x":0.2578151822090149,"y":-0.19835330545902253,"z":0.05401889234781265,"w":0.9443826675415039},"size":11.260321617126465,"orthographic":false}