{"cameraMode":{"drawMode":0,"name":"Shaded","section":"Shading Mode"},"sceneLighting":true,"audioPlay":false,"sceneViewState":{"showFog":true,"showMaterialUpdate":true,"showSkybox":true,"showFlares":true,"showImageEffects":true,"showParticleSystems":true},"in2DMode":false,"pivot":{"x":9.930976867675782,"y":-0.9625701904296875,"z":29.193817138671876},"rotation":{"x":-0.23300263285636903,"y":-0.6297723650932312,"z":0.20574544370174409,"w":-0.7122958898544312},"size":47.13277816772461,"orthographic":false}