{"cameraMode":{"drawMode":0,"name":"Shaded","section":"Shading Mode"},"sceneLighting":false,"audioPlay":false,"sceneViewState":{"showFog":true,"showMaterialUpdate":true,"showSkybox":false,"showFlares":true,"showImageEffects":true,"showParticleSystems":true},"in2DMode":false,"pivot":{"x":1.5702311992645264,"y":-0.288871705532074,"z":-2.748391628265381},"rotation":{"x":0.12190057337284088,"y":-0.22744156420230866,"z":0.028423495590686799,"w":0.965873122215271},"size":11.458605766296387,"orthographic":false}