{"cameraMode":{"drawMode":0,"name":"Shaded","section":"Shading Mode"},"sceneLighting":true,"audioPlay":false,"sceneViewState":{"showFog":true,"showMaterialUpdate":true,"showSkybox":true,"showFlares":true,"showImageEffects":true,"showParticleSystems":true},"in2DMode":false,"pivot":{"x":684.7351684570313,"y":113.83334350585938,"z":150.88304138183595},"rotation":{"x":0.33112776279449465,"y":-0.11778698861598969,"z":0.04195269197225571,"w":0.9354080557823181},"size":722.6445922851563,"orthographic":false}