{"cameraMode":{"drawMode":0,"name":"Shaded","section":"Shading Mode"},"sceneLighting":false,"audioPlay":false,"sceneViewState":{"showFog":true,"showMaterialUpdate":true,"showSkybox":false,"showFlares":true,"showImageEffects":true,"showParticleSystems":true},"in2DMode":false,"pivot":{"x":6.397343635559082,"y":2.3943800926208498,"z":-7.4949212074279789},"rotation":{"x":0.1324290782213211,"y":0.527147650718689,"z":-0.08316043019294739,"w":0.8355572819709778},"size":22.0,"orthographic":false}