{"cameraMode":{"drawMode":0,"name":"Shaded","section":"Shading Mode"},"sceneLighting":false,"audioPlay":false,"sceneViewState":{"showFog":true,"showMaterialUpdate":true,"showSkybox":false,"showFlares":true,"showImageEffects":true,"showParticleSystems":true},"in2DMode":false,"pivot":{"x":0.5789353251457214,"y":-12.795136451721192,"z":6.191298007965088},"rotation":{"x":0.40675070881843569,"y":0.06313721835613251,"z":-0.028022293001413347,"w":0.9120938181877136},"size":42.221981048583987,"orthographic":false}