{"cameraMode":{"drawMode":0,"name":"Shaded","section":"Shading Mode"},"sceneLighting":true,"audioPlay":false,"sceneViewState":{"showFog":true,"showMaterialUpdate":true,"showSkybox":true,"showFlares":true,"showImageEffects":true,"showParticleSystems":true},"in2DMode":false,"pivot":{"x":312.2639465332031,"y":142.14883422851563,"z":20.86334228515625},"rotation":{"x":-0.08329556882381439,"y":0.05169636383652687,"z":-0.004105806350708008,"w":-0.9953340888023377},"size":437.2886962890625,"orthographic":false}