{"cameraMode":{"drawMode":0,"name":"Shaded","section":"Shading Mode"},"sceneLighting":true,"audioPlay":false,"sceneViewState":{"showFog":true,"showMaterialUpdate":true,"showSkybox":true,"showFlares":true,"showImageEffects":true,"showParticleSystems":true},"in2DMode":false,"pivot":{"x":933.1428833007813,"y":791.68212890625,"z":-80.041748046875},"rotation":{"x":-0.020484741777181627,"y":0.008706101216375828,"z":0.00019817175052594393,"w":-0.9999154806137085},"size":2617.0302734375,"orthographic":false}