{"cameraMode":{"drawMode":0,"name":"Shaded","section":"Shading Mode"},"sceneLighting":true,"audioPlay":false,"sceneViewState":{"showFog":true,"showMaterialUpdate":true,"showSkybox":true,"showFlares":true,"showImageEffects":true,"showParticleSystems":true},"in2DMode":false,"pivot":{"x":6.685413360595703,"y":13.946983337402344,"z":34.083740234375},"rotation":{"x":0.18184834718704225,"y":-0.7966777682304382,"z":0.30810993909835818,"w":0.4891020953655243},"size":40.521636962890628,"orthographic":false}