{"cameraMode":{"drawMode":0,"name":"Shaded","section":"Shading Mode"},"sceneLighting":false,"audioPlay":false,"sceneViewState":{"showFog":true,"showMaterialUpdate":true,"showSkybox":false,"showFlares":true,"showImageEffects":true,"showParticleSystems":true},"in2DMode":false,"pivot":{"x":12.566900253295899,"y":10.274660110473633,"z":20.716886520385743},"rotation":{"x":-0.005467849783599377,"y":0.9764360785484314,"z":-0.21526451408863069,"w":-0.026421984657645227},"size":10.001814842224121,"orthographic":false}