{"cameraMode":{"drawMode":0,"name":"Shaded","section":"Shading Mode"},"sceneLighting":false,"audioPlay":false,"sceneViewState":{"showFog":true,"showMaterialUpdate":true,"showSkybox":false,"showFlares":true,"showImageEffects":true,"showParticleSystems":true},"in2DMode":false,"pivot":{"x":2.307609796524048,"y":-0.01710987091064453,"z":4.150369644165039},"rotation":{"x":-0.12070728838443756,"y":0.8412002921104431,"z":-0.20448964834213258,"w":-0.48806649446487429},"size":12.932923316955567,"orthographic":false}