{"cameraMode":{"drawMode":0,"name":"Shaded","section":"Shading Mode"},"sceneLighting":false,"audioPlay":false,"sceneViewState":{"showFog":true,"showMaterialUpdate":true,"showSkybox":false,"showFlares":true,"showImageEffects":true,"showParticleSystems":true},"in2DMode":false,"pivot":{"x":-5.210893154144287,"y":5.3448052406311039,"z":15.174173355102539},"rotation":{"x":-0.005199739709496498,"y":0.9871749877929688,"z":-0.1577995866537094,"w":-0.03737220913171768},"size":2.2823524475097658,"orthographic":false}