{"cameraMode":{"drawMode":0,"name":"Shaded","section":"Shading Mode"},"sceneLighting":true,"audioPlay":false,"sceneViewState":{"showFog":true,"showMaterialUpdate":true,"showSkybox":true,"showFlares":true,"showImageEffects":true,"showParticleSystems":true},"in2DMode":false,"pivot":{"x":9.715608596801758,"y":7.851402759552002,"z":21.582061767578126},"rotation":{"x":0.13254521787166596,"y":-0.030920661985874177,"z":0.00444373395293951,"w":0.9909234642982483},"size":6.543069839477539,"orthographic":false}