{"cameraMode":{"drawMode":0,"name":"Shaded","section":"Shading Mode"},"sceneLighting":true,"audioPlay":false,"sceneViewState":{"showFog":true,"showMaterialUpdate":true,"showSkybox":true,"showFlares":true,"showImageEffects":true,"showParticleSystems":true},"in2DMode":false,"pivot":{"x":-1.9760246276855469,"y":5.956327438354492,"z":34.787174224853519},"rotation":{"x":0.07825267314910889,"y":0.48225218057632449,"z":-0.04015163704752922,"w":0.8721811175346375},"size":58.69442367553711,"orthographic":false}