{"cameraMode":{"drawMode":0,"name":"Shaded","section":"Shading Mode"},"sceneLighting":true,"audioPlay":false,"sceneViewState":{"showFog":true,"showMaterialUpdate":true,"showSkybox":true,"showFlares":true,"showImageEffects":true,"showParticleSystems":true},"in2DMode":false,"pivot":{"x":2.5399999618530275,"y":1.2024263143539429,"z":-23.469999313354493},"rotation":{"x":-0.3196720778942108,"y":0.3470560908317566,"z":-0.12965549528598786,"w":-0.872768223285675},"size":26.82162094116211,"orthographic":false}