{"cameraMode":{"drawMode":0,"name":"Shaded","section":"Shading Mode"},"sceneLighting":false,"audioPlay":false,"sceneViewState":{"showFog":true,"showMaterialUpdate":true,"showSkybox":false,"showFlares":true,"showImageEffects":true,"showParticleSystems":true},"in2DMode":false,"pivot":{"x":1024.6866455078125,"y":749.0901489257813,"z":-72.069091796875},"rotation":{"x":0.0354631133377552,"y":-0.02371135540306568,"z":0.0011528193717822433,"w":0.9993265271186829},"size":1610.59765625,"orthographic":false}