{"cameraMode":{"drawMode":0,"name":"Shaded","section":"Shading Mode"},"sceneLighting":false,"audioPlay":false,"sceneViewState":{"showFog":true,"showMaterialUpdate":true,"showSkybox":false,"showFlares":true,"showImageEffects":true,"showParticleSystems":true},"in2DMode":false,"pivot":{"x":3.096061944961548,"y":0.4971409738063812,"z":-1.8899472951889039},"rotation":{"x":-0.22284390032291413,"y":-0.7551081776618958,"z":0.5259608030319214,"w":-0.3222108483314514},"size":8.634443283081055,"orthographic":false}