{"cameraMode":{"drawMode":0,"name":"Shaded","section":"Shading Mode"},"sceneLighting":true,"audioPlay":false,"sceneViewState":{"showFog":true,"showMaterialUpdate":true,"showSkybox":true,"showFlares":true,"showImageEffects":true,"showParticleSystems":true},"in2DMode":false,"pivot":{"x":-4.580989837646484,"y":10.673124313354493,"z":13.958478927612305},"rotation":{"x":0.21420016884803773,"y":0.15177768468856812,"z":-0.033619996160268787,"w":0.9647067189216614},"size":12.277745246887207,"orthographic":false}