{"cameraMode":{"drawMode":0,"name":"Shaded","section":"Shading Mode"},"sceneLighting":false,"audioPlay":false,"sceneViewState":{"showFog":true,"showMaterialUpdate":true,"showSkybox":false,"showFlares":true,"showImageEffects":true,"showParticleSystems":true},"in2DMode":false,"pivot":{"x":-1.412830114364624,"y":9.665002822875977,"z":28.906005859375},"rotation":{"x":0.09571672976016998,"y":-0.13610845804214478,"z":0.014991175383329392,"w":0.9863580465316773},"size":14.726503372192383,"orthographic":false}