{"cameraMode":{"drawMode":0,"name":"Shaded","section":"Shading Mode"},"sceneLighting":true,"audioPlay":false,"sceneViewState":{"showFog":true,"showMaterialUpdate":true,"showSkybox":true,"showFlares":true,"showImageEffects":true,"showParticleSystems":true},"in2DMode":false,"pivot":{"x":-39.19066619873047,"y":14.493019104003907,"z":48.902225494384769},"rotation":{"x":0.30578240752220156,"y":0.6748344898223877,"z":-0.3891615569591522,"w":0.5497846603393555},"size":65.08638763427735,"orthographic":false}