{"cameraMode":{"drawMode":0,"name":"Shaded","section":"Shading Mode"},"sceneLighting":false,"audioPlay":false,"sceneViewState":{"showFog":true,"showMaterialUpdate":true,"showSkybox":false,"showFlares":true,"showImageEffects":true,"showParticleSystems":true},"in2DMode":false,"pivot":{"x":2.5000009536743166,"y":0.0,"z":-2.4999990463256838},"rotation":{"x":0.45965898036956789,"y":-0.5326679348945618,"z":0.4552406072616577,"w":0.5469157099723816},"size":8.200908660888672,"orthographic":false}