{"cameraMode":{"drawMode":0,"name":"Shaded","section":"Shading Mode"},"sceneLighting":false,"audioPlay":false,"sceneViewState":{"showFog":true,"showMaterialUpdate":true,"showSkybox":false,"showFlares":true,"showImageEffects":true,"showParticleSystems":true},"in2DMode":false,"pivot":{"x":342.6095886230469,"y":141.18211364746095,"z":23.062253952026368},"rotation":{"x":0.12257562577724457,"y":-0.8737738728523254,"z":0.29804742336273196,"w":0.3653629422187805},"size":10.391496658325196,"orthographic":false}