{"cameraMode":{"drawMode":0,"name":"Shaded","section":"Shading Mode"},"sceneLighting":false,"audioPlay":false,"sceneViewState":{"showFog":true,"showMaterialUpdate":true,"showSkybox":false,"showFlares":true,"showImageEffects":true,"showParticleSystems":true},"in2DMode":false,"pivot":{"x":-299.24090576171877,"y":115.769287109375,"z":-145.65599060058595},"rotation":{"x":-0.23208415508270265,"y":-0.0371733196079731,"z":0.008569348603487015,"w":-0.9720839262008667},"size":4.387678623199463,"orthographic":false}