{"cameraMode":{"drawMode":0,"name":"Shaded","section":"Shading Mode"},"sceneLighting":true,"audioPlay":false,"sceneViewState":{"showFog":true,"showMaterialUpdate":true,"showSkybox":true,"showFlares":true,"showImageEffects":true,"showParticleSystems":true},"in2DMode":false,"pivot":{"x":-7.248020172119141,"y":2.6652731895446779,"z":-19.519855499267579},"rotation":{"x":0.030145397409796716,"y":-0.9578123092651367,"z":0.10919059067964554,"w":0.2654210925102234},"size":20.089923858642579,"orthographic":false}