{"cameraMode":{"drawMode":0,"name":"Shaded","section":"Shading Mode"},"sceneLighting":false,"audioPlay":false,"sceneViewState":{"showFog":true,"showMaterialUpdate":true,"showSkybox":false,"showFlares":true,"showImageEffects":true,"showParticleSystems":true},"in2DMode":false,"pivot":{"x":4.0887451171875,"y":6.971786975860596,"z":19.293781280517579},"rotation":{"x":0.03454498201608658,"y":-0.9263620972633362,"z":0.36566677689552309,"w":0.08693941682577133},"size":1.708664894104004,"orthographic":false}