{"cameraMode":{"drawMode":0,"name":"Shaded","section":"Shading Mode"},"sceneLighting":true,"audioPlay":false,"sceneViewState":{"showFog":true,"showMaterialUpdate":true,"showSkybox":true,"showFlares":true,"showImageEffects":true,"showParticleSystems":true},"in2DMode":false,"pivot":{"x":1.3739639520645142,"y":3.6482110023498537,"z":86.98681640625},"rotation":{"x":-0.034313324838876727,"y":-0.0403236448764801,"z":-0.0071985069662332539,"w":-0.9995872974395752},"size":7.719908714294434,"orthographic":false}