{"cameraMode":{"drawMode":0,"name":"Shaded","section":"Shading Mode"},"sceneLighting":false,"audioPlay":false,"sceneViewState":{"showFog":true,"showMaterialUpdate":true,"showSkybox":false,"showFlares":true,"showImageEffects":true,"showParticleSystems":true},"in2DMode":false,"pivot":{"x":0.044068217277526858,"y":5.29390287399292,"z":9.720338821411133},"rotation":{"x":0.0898834615945816,"y":0.8228685259819031,"z":-0.1351347416639328,"w":0.544990062713623},"size":7.085368633270264,"orthographic":false}