{"cameraMode":{"drawMode":0,"name":"Shaded","section":"Shading Mode"},"sceneLighting":false,"audioPlay":false,"sceneViewState":{"showFog":true,"showMaterialUpdate":true,"showSkybox":false,"showFlares":true,"showImageEffects":true,"showParticleSystems":true},"in2DMode":false,"pivot":{"x":5.438416481018066,"y":5.752811431884766,"z":18.279245376586915},"rotation":{"x":0.0908597931265831,"y":-0.9056640267372131,"z":0.3327028155326843,"w":0.24813398718833924},"size":8.793463706970215,"orthographic":false}