{"cameraMode":{"drawMode":0,"name":"Shaded","section":"Shading Mode"},"sceneLighting":false,"audioPlay":false,"sceneViewState":{"showFog":true,"showMaterialUpdate":true,"showSkybox":false,"showFlares":true,"showImageEffects":true,"showParticleSystems":true},"in2DMode":false,"pivot":{"x":342.2987060546875,"y":263.3321533203125,"z":-47.8228759765625},"rotation":{"x":0.02948450669646263,"y":0.015272204764187336,"z":-0.00007921939686639234,"w":0.9996894001960754},"size":526.6204833984375,"orthographic":false}