{"cameraMode":{"drawMode":0,"name":"Shaded","section":"Shading Mode"},"sceneLighting":false,"audioPlay":false,"sceneViewState":{"showFog":true,"showMaterialUpdate":true,"showSkybox":false,"showFlares":true,"showImageEffects":true,"showParticleSystems":true},"in2DMode":false,"pivot":{"x":-4.539831161499023,"y":4.618210315704346,"z":-1.489742636680603},"rotation":{"x":-0.19883866608142854,"y":-0.16242235898971559,"z":0.028020717203617097,"w":-0.9667718410491943},"size":12.137086868286133,"orthographic":false}