{"cameraMode":{"drawMode":0,"name":"Shaded","section":"Shading Mode"},"sceneLighting":false,"audioPlay":false,"sceneViewState":{"showFog":true,"showMaterialUpdate":true,"showSkybox":false,"showFlares":true,"showImageEffects":true,"showParticleSystems":true},"in2DMode":false,"pivot":{"x":3.1764957904815676,"y":0.002716653048992157,"z":-1.3054524660110474},"rotation":{"x":-0.02912781946361065,"y":0.7775235176086426,"z":-0.03556695207953453,"w":-0.6274129152297974},"size":3.499999523162842,"orthographic":false}