{"cameraMode":{"drawMode":0,"name":"Shaded","section":"Shading Mode"},"sceneLighting":true,"audioPlay":false,"sceneViewState":{"showFog":true,"showMaterialUpdate":true,"showSkybox":true,"showFlares":true,"showImageEffects":true,"showParticleSystems":true},"in2DMode":false,"pivot":{"x":-1.2159619331359864,"y":9.335081100463868,"z":10.418694496154786},"rotation":{"x":0.3229272663593292,"y":0.22190940380096436,"z":-0.07765894383192063,"w":0.9170204997062683},"size":19.817909240722658,"orthographic":false}