{"cameraMode":{"drawMode":0,"name":"Shaded","section":"Shading Mode"},"sceneLighting":true,"audioPlay":false,"sceneViewState":{"showFog":true,"showMaterialUpdate":true,"showSkybox":true,"showFlares":true,"showImageEffects":true,"showParticleSystems":true},"in2DMode":false,"pivot":{"x":9.430624008178711,"y":16.96751594543457,"z":8.828008651733399},"rotation":{"x":-0.1705591231584549,"y":-0.6144904494285584,"z":0.13850471377372743,"w":-0.7579538822174072},"size":8.593448638916016,"orthographic":false}