{"cameraMode":{"drawMode":0,"name":"Shaded","section":"Shading Mode"},"sceneLighting":true,"audioPlay":false,"sceneViewState":{"showFog":true,"showMaterialUpdate":true,"showSkybox":true,"showFlares":true,"showImageEffects":true,"showParticleSystems":true},"in2DMode":false,"pivot":{"x":245.61404418945313,"y":69.90052032470703,"z":0.0},"rotation":{"x":0.19719037413597108,"y":-0.7404344081878662,"z":0.2494821399450302,"w":0.5928281545639038},"size":130.37973022460938,"orthographic":false}