{"cameraMode":{"drawMode":0,"name":"Shaded","section":"Shading Mode"},"sceneLighting":false,"audioPlay":false,"sceneViewState":{"showFog":true,"showMaterialUpdate":true,"showSkybox":false,"showFlares":true,"showImageEffects":true,"showParticleSystems":true},"in2DMode":false,"pivot":{"x":3.044447183609009,"y":0.38993072509765627,"z":-0.5969482064247131},"rotation":{"x":0.0858001634478569,"y":-0.6303038597106934,"z":0.07063427567481995,"w":0.7685115337371826},"size":9.169341087341309,"orthographic":false}