{"cameraMode":{"drawMode":0,"name":"Shaded","section":"Shading Mode"},"sceneLighting":true,"audioPlay":false,"sceneViewState":{"showFog":true,"showMaterialUpdate":true,"showSkybox":true,"showFlares":true,"showImageEffects":true,"showParticleSystems":true},"in2DMode":false,"pivot":{"x":-9.510000228881836,"y":2.1205615997314455,"z":9.130000114440918},"rotation":{"x":-0.3224085569381714,"y":0.11864995956420899,"z":-0.041785016655921939,"w":-0.9386436343193054},"size":15.329853057861329,"orthographic":false}