{"cameraMode":{"drawMode":0,"name":"Shaded","section":"Shading Mode"},"sceneLighting":false,"audioPlay":false,"sceneViewState":{"showFog":true,"showMaterialUpdate":true,"showSkybox":false,"showFlares":true,"showImageEffects":true,"showParticleSystems":true},"in2DMode":false,"pivot":{"x":10.534317016601563,"y":10.430000305175782,"z":88.91999816894531},"rotation":{"x":-0.22879786789417268,"y":-0.5963407754898071,"z":0.18180540204048158,"w":-0.7480184435844421},"size":5.122660160064697,"orthographic":false}