{"cameraMode":{"drawMode":0,"name":"Shaded","section":"Shading Mode"},"sceneLighting":true,"audioPlay":false,"sceneViewState":{"showFog":true,"showMaterialUpdate":true,"showSkybox":true,"showFlares":true,"showImageEffects":true,"showParticleSystems":true},"in2DMode":false,"pivot":{"x":-38.38508224487305,"y":29.51778221130371,"z":-4.700719833374023},"rotation":{"x":-0.11844255775213242,"y":0.3325723707675934,"z":-0.04507315903902054,"w":-0.9350426197052002},"size":2.8578836917877199,"orthographic":false}