{"cameraMode":{"drawMode":0,"name":"Shaded","section":"Shading Mode"},"sceneLighting":true,"audioPlay":false,"sceneViewState":{"showFog":true,"showMaterialUpdate":true,"showSkybox":true,"showFlares":true,"showImageEffects":true,"showParticleSystems":true},"in2DMode":false,"pivot":{"x":14.258891105651856,"y":-29.21112632751465,"z":16.756168365478517},"rotation":{"x":-0.34327462315559389,"y":-0.3476836383342743,"z":0.1382506936788559,"w":-0.8617933988571167},"size":70.00357055664063,"orthographic":false}