{"cameraMode":{"drawMode":0,"name":"Shaded","section":"Shading Mode"},"sceneLighting":false,"audioPlay":false,"sceneViewState":{"showFog":true,"showMaterialUpdate":true,"showSkybox":false,"showFlares":true,"showImageEffects":true,"showParticleSystems":true},"in2DMode":false,"pivot":{"x":1.5702311992645264,"y":-0.288871705532074,"z":-2.748391628265381},"rotation":{"x":0.41267576813697817,"y":-0.180094376206398,"z":0.08332423120737076,"w":0.889174222946167},"size":5.42786169052124,"orthographic":false}