{"cameraMode":{"drawMode":0,"name":"Shaded","section":"Shading Mode"},"sceneLighting":false,"audioPlay":false,"sceneViewState":{"showFog":true,"showMaterialUpdate":true,"showSkybox":false,"showFlares":true,"showImageEffects":true,"showParticleSystems":true},"in2DMode":false,"pivot":{"x":0.00000476837158203125,"y":10.578140258789063,"z":30.443958282470704},"rotation":{"x":0.19719037413597108,"y":-0.7404344081878662,"z":0.2494821399450302,"w":0.5928281545639038},"size":30.83266258239746,"orthographic":false}