{"cameraMode":{"drawMode":0,"name":"Shaded","section":"Shading Mode"},"sceneLighting":false,"audioPlay":false,"sceneViewState":{"showFog":true,"showMaterialUpdate":true,"showSkybox":false,"showFlares":true,"showImageEffects":true,"showParticleSystems":true},"in2DMode":false,"pivot":{"x":-10.229999542236329,"y":3.890000104904175,"z":25.579999923706056},"rotation":{"x":0.007464107591658831,"y":0.4201653003692627,"z":0.010161004029214383,"w":-0.9086846709251404},"size":8.888138771057129,"orthographic":false}