{"cameraMode":{"drawMode":0,"name":"Shaded","section":"Shading Mode"},"sceneLighting":true,"audioPlay":false,"sceneViewState":{"showFog":true,"showMaterialUpdate":true,"showSkybox":true,"showFlares":true,"showImageEffects":true,"showParticleSystems":true},"in2DMode":false,"pivot":{"x":5.8638715744018559,"y":19.92873764038086,"z":-11.200350761413575},"rotation":{"x":-0.34444761276245119,"y":0.14748035371303559,"z":-0.05734376236796379,"w":-0.9260075092315674},"size":13.225371360778809,"orthographic":false}