{"cameraMode":{"drawMode":0,"name":"Shaded","section":"Shading Mode"},"sceneLighting":true,"audioPlay":false,"sceneViewState":{"showFog":true,"showMaterialUpdate":true,"showSkybox":true,"showFlares":true,"showImageEffects":true,"showParticleSystems":true},"in2DMode":false,"pivot":{"x":-4.586799621582031,"y":9.582393646240235,"z":51.437164306640628},"rotation":{"x":0.4447433650493622,"y":0.5044603943824768,"z":-0.3314993977546692,"w":0.6628465056419373},"size":41.43154525756836,"orthographic":false}